iteration,total_runs,obs_realization,par_realization,heads1,heads3,streams,headiff,pstreams
0,200,0,0,75.3351,212.066,577.592,591.389,0
0,200,1,1,1281.89,586.655,222.733,29318.5,0
0,200,2,2,930.332,1061.28,7.38122,2049.09,0
0,200,3,3,59.6745,359.304,7.13542,146.93,0
0,200,4,4,510.523,1049.82,278.281,120.989,0
0,200,5,5,107.023,129.306,3.00235,15383.1,0
0,200,6,6,875.179,575.188,103.45,349.735,0
0,200,7,7,505.959,672.742,1026.62,1132.26,0
0,200,8,8,183.506,943.778,7.98541,161.946,0
0,200,9,9,709.226,417.852,590.189,3536.62,0
0,200,10,10,4142.96,1674.22,35.8455,339.248,0
0,200,11,11,983.35,534.852,14.5234,1406.96,0
0,200,12,12,100.207,391.546,18.6679,1088.3,0
0,200,13,13,105.526,364.525,119.135,275.212,0
0,200,14,14,1292.81,669.697,280.514,19928,0
0,200,15,15,495.347,656.717,130.182,1478.69,0
0,200,16,16,23.1274,199.255,202.18,1048.02,0
0,200,17,17,185.001,231.842,359.639,16864.5,0
0,200,18,18,2722.74,1510.24,9.65313,138.267,0
0,200,19,19,694.557,508.482,143.014,568.851,0
0,200,20,20,118.093,165.936,30.8496,7206.88,0
0,200,21,21,1062.42,571.169,115.407,207.811,0
0,200,22,22,211.156,668.722,18.9607,179.265,0
0,200,23,23,916.553,1082.18,4.09375,7897.85,0
0,200,24,24,812.928,130.899,36.4946,1070.67,0
0,200,25,25,335.146,824.804,880.906,43.4402,0
0,200,26,26,407.89,299.196,28.8283,1289.96,0
0,200,27,27,2871.41,707.074,3.99283,3466.29,0
0,200,28,28,59.6379,235.199,457.533,4974.34,0
0,200,29,29,2486.7,1020.11,4.55965,2931.66,0
0,200,30,30,43.0682,249.091,169.237,0.993081,0
0,200,31,31,263.553,930.103,31.0074,537.666,0
0,200,32,32,681.778,278.165,899.178,441.549,0
0,200,33,33,331.791,443.945,1140.17,4461.33,0
0,200,34,34,64.8367,101.213,672.218,12389.5,0
0,200,35,35,638.659,431.251,14.2691,901.854,0
0,200,36,36,97.9733,260.918,355.246,1015.26,0
0,200,37,37,1563.96,1341.37,290.107,986.955,0
0,200,38,38,1083.89,1444.49,225.074,19.071,0
0,200,39,39,4147.38,1145.89,278.177,65844.2,0
0,200,40,40,163.376,417.424,226.965,329.13,0
0,200,41,41,195.725,223.372,37.2063,24630.9,0
0,200,42,42,2178.42,1107.62,835.05,714.023,0
0,200,43,43,459.358,278.175,105.007,4.13122,0
0,200,44,44,879.942,571.936,361.95,1072.98,0
0,200,45,45,772.102,504.2,14.0283,1.11395e+06,0
0,200,46,46,74.1543,344.785,120.914,6816.13,0
0,200,47,47,2361.05,757.492,6.42579,1059.73,0
0,200,48,48,573.208,1351.16,126.396,233.187,0
0,200,49,49,331.703,376.143,160.937,1609.16,0
0,200,50,50,717.368,644.359,148.586,17671.5,0
0,200,51,51,136.804,490.394,60.978,328.167,0
0,200,52,52,395.724,936.708,447.052,0.530513,0
0,200,53,53,4419.49,1332.91,46.5599,750.632,0
0,200,54,54,124.519,262.447,34.1934,12283.7,0
0,200,55,55,548.937,502.25,220.179,24016.2,0
0,200,56,56,371.481,710.915,68.6266,28261.9,0
0,200,57,57,304.261,128.503,49.0582,2063.39,0
0,200,58,58,1368.24,1106.75,58.661,11981,0
0,200,59,59,66.008,520.22,789.087,9207.72,0
0,200,60,60,227.453,631.545,271.81,33944.8,0
0,200,61,61,439.102,195.232,60.9481,73035.5,0
0,200,62,62,317.838,183.079,33.4171,1227.88,0
0,200,63,63,79.2534,378.269,85.0764,57.2806,0
0,200,64,64,896.807,597.105,100.825,784.957,0
0,200,65,65,254.821,187.604,26.976,0.24332,0
0,200,66,66,460.666,386.002,211.553,8764.75,0
0,200,67,67,874.818,208.513,99.0505,30.6497,0
0,200,68,68,388.189,643.433,433.485,15130.9,0
0,200,69,69,298.49,653.816,31.7299,630.172,0
0,200,70,70,1592.74,747.242,228.948,22981.1,0
0,200,71,71,1186.09,767.695,8.33521,6894.04,0
0,200,72,72,598.836,652.844,2162,1186.38,0
0,200,73,73,203.984,383.898,375.658,1.17376,0
0,200,74,74,783.723,291.88,1.65692,1057.19,0
0,200,75,75,177.621,363.172,19.9461,177.481,0
0,200,76,76,2981.7,1151.9,29.3298,57143.7,0
0,200,77,77,483.819,480.359,97.6838,542.643,0
0,200,78,78,246.354,252.552,230.628,4322.93,0
0,200,79,79,1218.51,814.062,343.397,1613.38,0
0,200,80,80,686.609,988.809,709.242,10.5343,0
0,200,81,81,553.473,604.898,46.8124,5279.21,0
0,200,82,82,1032.62,449.946,20.0993,219.661,0
0,200,83,83,259.382,351.291,279.207,140273,0
0,200,84,84,781.253,1295.03,94.763,28.8426,0
0,200,85,85,1782.67,700.175,566.871,0.002919,0
0,200,86,86,122.336,478.039,38.0808,1166.33,0
0,200,87,87,3058.48,1643.42,12.6789,1230.06,0
0,200,88,88,57.4667,564.371,0.503797,493.06,0
0,200,89,89,676.565,336.69,53.561,635.199,0
0,200,90,90,456.017,499.657,434.414,1010.99,0
0,200,91,91,201.742,144.609,433.487,50.3435,0
0,200,92,92,1175.79,330.597,4.86532,6563.71,0
0,200,93,93,81.0378,416.005,129.971,10805,0
0,200,94,94,202.974,451.973,2.26194,442691,0
0,200,95,95,322.861,241.609,165.933,190.403,0
0,200,96,96,302.315,270.139,376.417,1083.63,0
0,200,97,97,201.995,851.241,416.57,681.667,0
0,200,98,98,838.725,439.756,52.4384,513.575,0
0,200,99,99,1348.3,1103.91,84.6746,17138.2,0
0,200,100,100,66.6882,277.885,27.6014,1.83359,0
0,200,101,101,347.312,226.629,6.29876,333.694,0
0,200,102,102,431.493,213.209,3924.8,3514.59,0
0,200,103,103,759.494,535.862,269.607,2141.35,0
0,200,104,104,94.5761,267.087,50.52,450.874,0
0,200,105,105,1256.96,483.8,185.146,40.8289,0
0,200,106,106,598.394,583.328,92.0705,576.825,0
0,200,107,107,75.0326,254.95,72.7229,461.607,0
0,200,108,108,792.85,581.151,8.7678,79110.6,0
0,200,109,109,224.154,225.752,4.70417,245.173,0
0,200,110,110,550.888,1139.95,34.1008,40432.5,0
0,200,111,111,602.312,268.798,66.904,3461.11,0
0,200,112,112,50.9169,294.228,162.312,15494.7,0
0,200,113,113,315.019,276.165,252.619,3325.19,0
0,200,114,114,52.2922,190.522,246.704,3.1031,0
0,200,115,115,2141.03,1265.06,44.4856,9136.19,0
0,200,116,116,1426.71,930.436,71.3757,6910.92,0
0,200,117,117,610.032,548.714,3.03172,46.719,0
0,200,118,118,868.396,425.121,1130.58,2939.09,0
0,200,119,119,204.68,167.716,71.1829,292.117,0
0,200,120,120,147.842,295.488,618.959,529.596,0
0,200,121,121,6942.62,3567.18,13.5426,7.86219,0
0,200,122,122,2267.66,1435.46,24.7081,1.55035,0
0,200,123,123,1042.83,684.768,233.839,1702.38,0
0,200,124,124,1895.09,1131.25,1513.38,691.993,0
0,200,125,125,1141.36,680.49,12.2031,3471.99,0
0,200,126,126,388.792,460.183,452.037,713.214,0
0,200,127,127,247.32,122.811,70.3625,510.604,0
0,200,128,128,190.399,210.037,206.326,5991.97,0
0,200,129,129,1271.5,617.942,13.574,35326.3,0
0,200,130,130,215.44,346.172,31.7145,330.559,0
0,200,131,131,314.518,382.53,123.24,868.443,0
0,200,132,132,189.488,1086.56,8.13971,2.0049e+06,0
0,200,133,133,162.874,952.712,5.7127,29679.1,0
0,200,134,134,784.327,429.786,25.3509,1518.56,0
0,200,135,135,808.527,280.045,64.1134,3.24008,0
0,200,136,136,274.71,810.151,18.0284,1882.71,0
0,200,137,137,4860.19,1277.8,296.484,63812.7,0
0,200,138,138,137.728,179.01,139.669,183313,0
0,200,139,139,331.712,216.669,12.1688,3490.21,0
0,200,140,140,1077.08,510.646,165.476,208.237,0
0,200,141,141,538.92,273.274,9.99929,187.704,0
0,200,142,142,154.744,163.317,10.4997,75.0369,0
0,200,143,143,4841.07,1531.4,1.4567,100339,0
0,200,144,144,136.563,330.934,129.589,7129.7,0
0,200,145,145,510.795,572.353,101.586,12777.4,0
0,200,146,146,86.0524,478.451,72.5128,19213.8,0
0,200,147,147,463.673,370.322,177.028,55058.4,0
0,200,148,148,57.5947,302.653,60.7895,445148,0
0,200,149,149,261.539,306.845,60.4378,4916.85,0
0,200,150,150,804.677,412.31,1396.74,276.527,0
0,200,151,151,110.991,244.828,681.16,4.05217,0
0,200,152,152,2877.68,1953.08,288.082,1690.76,0
0,200,153,153,102.752,185.885,268.361,93.3807,0
0,200,154,154,717.797,588.499,99.2596,154.528,0
0,200,155,155,117.5,136.687,18.7283,123.584,0
0,200,156,156,80.2826,535.213,3.78944,14363.5,0
0,200,157,157,433.73,456.4,159.337,75.7066,0
0,200,158,158,197.982,795.349,194.098,261.368,0
0,200,159,159,736.617,714.181,440.238,958.716,0
0,200,160,160,78.0605,223.167,162.528,139.782,0
0,200,161,161,296.285,603.08,244.653,1249.24,0
0,200,162,162,563.151,364.614,138.955,1218.48,0
0,200,163,163,1828.73,1057.13,20.6753,81.5998,0
0,200,164,164,1415.51,1187.71,1034.48,5378.21,0
0,200,165,165,268.876,542.13,3.29,12037,0
0,200,166,166,117.368,122.201,114.724,7783.52,0
0,200,167,167,1735.37,1498.33,68.653,97.871,0
0,200,168,168,437.384,319.321,162.789,742.851,0
0,200,169,169,3056.74,1961.05,8.7825,3622.53,0
0,200,170,170,774.619,475.572,17.6511,189.515,0
0,200,171,171,764.121,510.151,293.299,348.279,0
0,200,172,172,91.4161,302.883,46.5643,9742.58,0
0,200,173,173,1687.1,711.125,4.34455,2541.68,0
0,200,174,174,206.673,363.9,462.525,13926.8,0
0,200,175,175,393.322,492.267,15.4091,6040.18,0
0,200,176,176,262.847,260.756,77.352,657.933,0
0,200,177,177,357.81,188.814,46.7565,41600.5,0
0,200,178,178,2808.8,1425.58,201.95,147.025,0
0,200,179,179,74.1113,156.155,94.6588,421.012,0
0,200,180,180,681.528,437.602,211.8,833.266,0
0,200,181,181,593.802,438.913,69.5194,991.66,0
0,200,182,182,455.457,445.341,4.12774,210.564,0
0,200,183,183,259.54,410.34,268.817,581.009,0
0,200,184,184,1070.19,685.446,32.1837,2817.47,0
0,200,185,185,1081.78,678.625,9.31261,1043.01,0
0,200,186,186,734.686,1053.98,117.129,242.353,0
0,200,187,187,435.922,360.966,10.1851,106814,0
0,200,188,188,715.955,813.501,27.8784,276.313,0
0,200,189,189,148.427,415.125,47.3263,25.0286,0
0,200,190,190,671.751,935.902,67.6154,10913.1,0
0,200,191,191,322.988,112.082,212.588,418.863,0
0,200,192,192,2438.07,1039.08,305.912,2307.02,0
0,200,193,193,890.632,284.651,26.3407,3939.27,0
0,200,194,194,492.973,517.819,99.7542,9462.9,0
0,200,195,195,608.355,437.812,275.033,1101.79,0
0,200,196,196,2124.77,1060.33,14.6639,12831.1,0
0,200,197,197,312.038,531.3,495.614,851.772,0
0,200,198,198,38.8048,188.914,222.215,4699.16,0
0,200,base,base,0.0948018,1.87238,0.0285478,0.0134918,0
1,456,0,0,146.866,143.051,20.5227,413.572,0
1,456,1,1,12.1155,87.2174,7.4011,1447.11,0
1,456,2,2,330.419,145.657,91.1197,539.921,0
1,456,3,3,104.514,71.4712,5.0662,102.33,0
1,456,4,4,29.7436,49.9124,34.8998,85.2647,0
1,456,5,5,126.157,69.6611,4.31802,3550.56,0
1,456,6,6,68.5817,34.2671,1.60567,244.633,0
1,456,7,7,235.423,133.437,28.9502,1147.09,0
1,456,8,8,133.69,58.8786,5.7101,6.07238,0
1,456,9,9,87.1404,44.601,26.6133,920.925,0
1,456,10,10,243.954,208.849,292.333,95.9465,0
1,456,11,11,49.3966,56.7584,1.15761,1247.21,0
1,456,12,12,99.7521,44.4397,47.4426,924.528,0
1,456,13,13,71.5271,53.4022,45.9767,39.3147,0
1,456,14,14,42.1299,58.5307,18.5434,2838.72,0
1,456,15,15,275.784,104.118,19.2393,1506.86,0
1,456,16,16,115.72,47.9924,2.26913,750.051,0
1,456,17,17,225.669,216.806,3.18767,2794.59,0
1,456,18,18,220.518,113.539,71.4838,724.825,0
1,456,19,19,69.2413,72.2237,33.7378,141.862,0
1,456,20,20,50.9085,54.1318,17.5151,2303.27,0
1,456,21,21,19.3698,50.3395,1.25429,307.259,0
1,456,22,22,68.8237,204.497,7.29851,8.0187,0
1,456,23,23,35.1043,90.9091,6.94561,5704.85,0
1,456,24,24,144.076,60.3981,41.6261,2091.47,0
1,456,25,25,55.6744,59.3039,12.6614,43.143,0
1,456,26,26,80.3434,49.7523,6.22916,957.544,0
1,456,27,27,71.2602,72.8132,4.35671,489.733,0
1,456,28,28,318.782,117.637,28.5725,492.373,0
1,456,29,29,304.34,188.097,2.06853,113.781,0
1,456,30,30,69.5282,52.2553,19.854,0.226639,0
1,456,31,31,391.147,131.883,55.568,57.2991,0
1,456,32,32,178.085,162.308,98.1168,296.872,0
1,456,33,33,18.2206,57.8234,41.8399,1571.16,0
1,456,34,34,55.0959,75.3102,11.1134,2173.03,0
1,456,35,35,64.7134,58.5868,42.2189,180.366,0
1,456,36,36,49.3304,62.3397,47.6445,689.818,0
1,456,37,37,102.112,209.024,30.3122,165.543,0
1,456,38,38,148.312,57.1249,3.78365,62.6018,0
1,456,39,39,11.4147,92.69,6.97869,1237.58,0
1,456,40,40,82.906,51.4258,5.59586,275.824,0
1,456,41,41,113.426,50.8419,144.252,1848.69,0
1,456,42,42,177.076,75.5234,28.6273,2964.23,0
1,456,43,43,17.053,57.3464,181.84,51.0686,0
1,456,44,44,124.914,100.598,14.2353,934.669,0
1,456,45,45,118.189,152.598,10.122,1414.16,0
1,456,46,46,48.649,55.5794,48.7722,1223.38,0
1,456,47,47,61.0532,45.6229,16.0349,826.894,0
1,456,48,48,53.553,56.8994,12.4479,130.074,0
1,456,49,49,36.3824,73.7479,7.15603,412.394,0
1,456,50,50,6.86045,69.957,88.8756,1350.92,0
1,456,51,51,40.691,173.408,5.65291,250.543,0
1,456,52,52,183.587,127.471,75.6967,273.422,0
1,456,53,53,129.21,153.457,51.1948,412.55,0
1,456,54,54,228.015,85.7097,0.607349,2672.73,0
1,456,55,55,189.747,67.7755,38.7665,4162.95,0
1,456,56,56,78.2466,94.7518,21.8238,2001.75,0
1,456,57,57,29.7567,38.4995,11.0474,772.847,0
1,456,58,58,548.985,291.332,4.55247,4190.58,0
1,456,59,59,85.6261,38.4739,69.6934,705.578,0
1,456,60,60,342.921,175.299,25.1402,1645.15,0
1,456,61,61,43.8918,71.7765,4.40902,928.227,0
1,456,62,62,70.0341,36.9635,18.3807,1074.59,0
1,456,63,63,63.9663,157.371,1.40343,10.5972,0
1,456,64,64,82.1692,167.374,19.6843,540.851,0
1,456,65,65,28.0372,53.5283,31.4757,69.4303,0
1,456,66,66,53.8026,78.8257,47.4329,2306.19,0
1,456,67,67,78.7464,119.14,40.844,0.487956,0
1,456,68,68,66.1844,146.97,37.4422,4060.09,0
1,456,69,69,71.9711,39.6474,67.8795,186.888,0
1,456,70,70,61.957,37.3579,24.3564,7633.55,0
1,456,71,71,105.937,132.632,50.1998,661.526,0
1,456,72,72,31.0577,50.4247,6.24688,1038.26,0
1,456,73,73,22.6407,73.0438,44.9604,18.5127,0
1,456,74,74,9.49539,23.8119,2.7615,62.9866,0
1,456,75,75,24.6942,44.8918,3.10065,196.437,0
1,456,76,76,98.1921,78.3071,14.2739,2112.89,0
1,456,77,77,73.2756,105.5,31.1504,68.6665,0
1,456,78,78,10.0213,59.3395,52.2861,1004.85,0
1,456,79,79,170.656,70.0546,19.3773,1264.36,0
1,456,80,80,138.544,103.888,85.8243,16.0495,0
1,456,81,81,6.69059,42.508,2.2276,654.674,0
1,456,82,82,240.186,99.4653,2.68483,242.786,0
1,456,83,83,84.488,17.7941,47.8714,238.265,0
1,456,84,84,87.7124,106.805,126.25,161.813,0
1,456,85,85,97.7962,63.4618,49.6535,277.423,0
1,456,86,86,63.0684,54.8933,42.621,837.933,0
1,456,87,87,248.24,88.6697,93.3857,64.7164,0
1,456,88,88,18.7592,43.0236,0.568056,1032.2,0
1,456,89,89,30.1665,46.4588,11.264,96.5129,0
1,456,90,90,285.151,161.48,37.0878,777.21,0
1,456,91,91,36.8692,30.8592,18.6174,81.7067,0
1,456,92,92,74.3731,50.8841,14.42,297.384,0
1,456,93,93,24.6917,55.0392,11.587,1355.86,0
1,456,94,94,51.0642,71.9367,12.1806,325.87,0
1,456,95,95,47.1912,46.8672,3.08286,1.86927,0
1,456,96,96,15.9666,41.5421,0.209859,1105.58,0
1,456,97,97,393.59,169.496,13.4066,325.26,0
1,456,98,98,42.2831,52.8296,0.804585,445.365,0
1,456,99,99,29.1514,40.0883,18.4375,637.131,0
1,456,100,100,30.0116,35.214,6.87324,5.53465,0
1,456,101,101,74.46,93.4792,118.075,242.001,0
1,456,102,102,138.392,96.1063,259.312,211.17,0
1,456,103,103,61.8288,48.33,11.23,7.42523,0
1,456,104,104,129.466,123.411,48.7123,128.202,0
1,456,105,105,106.32,79.7123,35.309,313.131,0
1,456,106,106,26.1208,58.9984,23.4649,441.78,0
1,456,107,107,29.5018,95.5073,3.82318,152.511,0
1,456,108,108,282.199,168.424,14.1624,273.52,0
1,456,109,109,115.504,36.6029,1.02531,234.785,0
1,456,110,110,0.88645,111.276,76.4549,577.307,0
1,456,111,111,63.7293,38.5737,3.62328,2288.25,0
1,456,112,112,4.3516,37.2535,46.4228,1854.21,0
1,456,113,113,28.9378,97.7447,59.213,1726.75,0
1,456,114,114,174.387,107.714,21.2178,150.885,0
1,456,115,115,23.3613,115.387,11.1075,4926.7,0
1,456,116,116,40.0202,45.6276,58.6915,981.931,0
1,456,117,117,60.2115,53.7763,1.02049,3.38827,0
1,456,118,118,16.6051,66.2899,7.21667,55.6932,0
1,456,119,119,272.12,139.32,17.6234,99.3556,0
1,456,120,120,176.106,65.1334,9.58026,143.061,0
1,456,121,121,46.0462,52.2948,15.7282,13.7956,0
1,456,122,122,269.144,119.568,131.044,8.08554,0
1,456,123,123,74.9155,165.219,83.5225,625.378,0
1,456,124,124,171.773,155.04,2.80305,14.3722,0
1,456,125,125,103.434,35.8391,21.9254,1059.39,0
1,456,126,126,18.5672,90.8517,0.021045,581.296,0
1,456,127,127,74.8212,26.8232,72.5802,429.58,0
1,456,128,128,21.1715,39.5594,25.9781,1891.84,0
1,456,129,129,186.165,49.3379,3.03916,16010,0
1,456,130,130,108.781,87.2086,4.83367,384.614,0
1,456,131,131,62.083,59.8656,10.3383,571.347,0
1,456,132,132,378.13,162.434,19.8108,2725.89,0
1,456,133,133,231.806,154.994,35.925,3736.45,0
1,456,134,134,54.2208,33.2666,11.5514,1253.78,0
1,456,135,135,53.0881,68.1104,2.5638,53.8747,0
1,456,136,136,68.9505,63.9604,99.8983,377.278,0
1,456,137,137,69.4218,28.7088,15.6099,1486.84,0
1,456,138,138,10.7427,35.9654,1.07041,3893.5,0
1,456,139,139,73.3533,44.2004,5.02805,1846.01,0
1,456,140,140,9.40614,33.8514,36.6695,3474.08,0
1,456,141,141,52.2343,43.7779,4.02755,389.873,0
1,456,142,142,64.705,46.401,5.18612,0.23099,0
1,456,143,143,54.3389,75.7037,23.5137,150.189,0
1,456,144,144,85.1528,60.4411,78.3822,838.844,0
1,456,145,145,38.8448,53.0456,22.1069,419.278,0
1,456,146,146,69.1536,29.4268,2.01086,270.716,0
1,456,147,147,3.28929,77.8368,10.3741,1711.17,0
1,456,148,148,154.05,47.0092,34.7674,202.104,0
1,456,149,149,73.7826,128.59,86.2323,1149.53,0
1,456,150,150,116.561,152.114,97.7275,132.018,0
1,456,151,151,45.2074,27.655,10.1708,5.1079,0
1,456,152,152,153.914,155.364,340.694,69.7544,0
1,456,153,153,216.347,111.791,6.68671,20.8472,0
1,456,154,154,24.4925,115.134,2.24452,348,0
1,456,155,155,28.931,29.1721,4.96099,78.5715,0
1,456,156,156,94.4821,87.0906,4.19465,2105.51,0
1,456,157,157,118.91,93.6675,2.52112,78.7089,0
1,456,158,158,46.4443,95.5225,2.94681,142.886,0
1,456,159,159,53.2446,68.5494,38.2672,2625.83,0
1,456,160,160,12.0796,25.7803,25.3115,70.159,0
1,456,161,161,47.6929,53.6398,33.9262,1203.37,0
1,456,162,162,115.141,71.1459,7.78094,730.76,0
1,456,163,163,6.84079,65.7121,13.6508,1074.4,0
1,456,164,164,145.079,111.861,4.30603,2613.25,0
1,456,165,165,100.466,49.4229,15.5205,1529.93,0
1,456,166,166,32.5221,46.0987,10.8751,760.271,0
1,456,167,167,131.974,108.825,54.7253,669.849,0
1,456,168,168,48.4534,38.1502,118.352,555.255,0
1,456,169,169,116.115,108.951,38.3727,465.004,0
1,456,170,170,16.0225,76.2931,2.20168,1176.33,0
1,456,171,171,105.68,40.1939,0.58486,323.656,0
1,456,172,172,84.7814,63.0574,5.3459,2722.88,0
1,456,173,173,18.2827,74.9041,18.234,1341.71,0
1,456,174,174,240.659,169.433,19.3762,1355.12,0
1,456,175,175,40.7272,85.542,11.7177,1311.52,0
1,456,176,176,32.8331,101.315,25.6027,265.344,0
1,456,177,177,53.8195,49.0875,18.1133,2804.35,0
1,456,178,178,5.73586,48.778,18.4417,23.1779,0
1,456,179,179,16.1025,44.5485,8.69868,128.84,0
1,456,180,180,123.294,94.7869,15.3141,20.7247,0
1,456,181,181,83.5826,126.212,23.8547,882.559,0
1,456,182,182,29.6999,51.4654,17.6209,11.9869,0
1,456,183,183,4.88544,83.6965,8.37052,426.106,0
1,456,184,184,69.7627,151.447,24.0512,1534.48,0
1,456,185,185,53.8247,42.8633,4.01899,926.105,0
1,456,186,186,77.5619,153.963,9.03604,104.175,0
1,456,187,187,60.884,61.0841,16.1154,448.787,0
1,456,188,188,48.2705,21.237,53.622,112.556,0
1,456,189,189,58.7152,95.1647,19.5779,1.16385,0
1,456,190,190,228.272,147.486,40.1591,6401.26,0
1,456,191,191,115.645,78.1339,0.353296,280.049,0
1,456,192,192,75.496,78.0265,2.03304,997.686,0
1,456,193,193,71.302,25.0356,7.28286,91.8417,0
1,456,194,194,52.7635,74.8589,106.65,40.3834,0
1,456,195,195,150.19,146.555,0.420591,948.794,0
1,456,196,196,22.5893,88.6572,197.258,13185.5,0
1,456,197,197,43.4244,138.35,41.4577,373.522,0
1,456,198,198,18.5674,67.595,30.8398,2954.4,0
1,456,base,base,0.152389,1.28231,0.01169,0.0139333,0
2,712,0,0,8.30024,50.936,9.58324,3.29722,0
2,712,1,1,63.4667,47.1229,21.2246,9.39027,0
2,712,2,2,25.499,28.5056,2.11,6.73298,0
2,712,3,3,29.7975,34.3424,5.07446,2.42457,0
2,712,4,4,19.7628,26.6837,45.8089,1.30923,0
2,712,5,5,76.368,26.646,13.9477,102.739,0
2,712,6,6,52.7201,15.927,21.3677,60.4868,0
2,712,7,7,9.23506,36.6247,5.01093,645.049,0
2,712,8,8,45.2507,36.7864,29.5145,45.5464,0
2,712,9,9,8.60325,13.8465,51.611,2.98508,0
2,712,10,10,121.841,83.4929,32.0576,4.38151,0
2,712,11,11,8.39159,23.377,5.82566,627.334,0
2,712,12,12,25.1785,17.9032,8.80362,200.537,0
2,712,13,13,31.1399,31.171,48.8574,1.12684,0
2,712,14,14,6.18683,28.6947,62.1161,62.7095,0
2,712,15,15,16.3834,18.7621,2.57326,557.665,0
2,712,16,16,6.39208,15.8887,4.74931,0.984261,0
2,712,17,17,7.36461,48.2567,4.92139,138.165,0
2,712,18,18,1.6175,27.2482,9.07174,176.851,0
2,712,19,19,34.2909,39.7965,6.13266,12.3182,0
2,712,20,20,29.8215,72.1407,11.0221,31.473,0
2,712,21,21,8.18283,30.0699,0.452121,60.0254,0
2,712,22,22,18.4582,72.3707,4.82651,32.1066,0
2,712,23,23,44.4842,24.3623,0.441976,19.6754,0
2,712,24,24,83.1657,18.6338,24.0148,494.025,0
2,712,25,25,7.11874,31.2186,5.26585,37.1637,0
2,712,26,26,14.2967,15.3436,17.9519,274.407,0
2,712,27,27,48.4119,33.4766,9.48158,205.365,0
2,712,28,28,32.2455,25.6014,7.30371,49.2379,0
2,712,29,29,14.4994,26.309,29.8219,8.66892,0
2,712,30,30,19.9916,31.7221,19.2336,40.955,0
2,712,31,31,3.58102,32.5731,3.20405,151.747,0
2,712,32,32,70.3739,48.3681,104.783,2.61401,0
2,712,33,33,12.1989,31.9791,17.1825,18.4836,0
2,712,34,34,12.6955,24.9067,3.50681,14.6345,0
2,712,35,35,66.8424,27.4827,64.8399,53.4081,0
2,712,36,36,8.84031,24.3156,29.2465,102.554,0
2,712,37,37,17.746,91.4391,0.158234,1.65145,0
2,712,38,38,16.0873,36.1731,29.2904,4.66905,0
2,712,39,39,17.8367,29.5378,1.22532,107.778,0
2,712,40,40,5.2126,14.9481,1.85561,14.6753,0
2,712,41,41,22.2366,20.136,64.9129,81.0717,0
2,712,42,42,10.2063,13.4503,41.0816,207.916,0
2,712,43,43,6.81409,23.778,24.2222,61.1714,0
2,712,44,44,32.7723,30.7902,31.6294,167.594,0
2,712,45,45,82.3604,55.7158,7.71412,819.784,0
2,712,46,46,23.2334,15.775,20.967,26.9612,0
2,712,47,47,22.5211,20.6246,1.79648,47.9187,0
2,712,48,48,13.0008,22.4901,5.53181,49.1235,0
2,712,49,49,7.81879,39.0237,17.5848,93.7848,0
2,712,50,50,28.848,44.7186,134.965,5.94473,0
2,712,51,51,7.89377,64.6998,11.8616,5.67764,0
2,712,52,52,81.4079,98.2588,19.7671,2.66997,0
2,712,53,53,4.94891,44.4824,7.21979,1.52842,0
2,712,54,54,91.8429,49.4026,4.77761,112.917,0
2,712,55,55,15.1769,11.9055,73.438,79.4952,0
2,712,56,56,44.7419,58.907,4.88702,17.1102,0
2,712,57,57,32.5939,25.8955,24.7128,158.397,0
2,712,58,58,64.3565,6.85355,32.4701,496.496,0
2,712,59,59,17.9101,19.436,57.4679,13.1726,0
2,712,60,60,5.90895,36.3897,14.6061,38.5886,0
2,712,61,61,22.0441,39.6771,9.74126,718.856,0
2,712,62,62,10.4278,18.3205,20.5565,179.256,0
2,712,63,63,17.9934,43.9878,6.68611,7.86239,0
2,712,64,64,6.97326,47.6013,34.6312,64.4762,0
2,712,65,65,10.6239,32.9044,87.2369,64.1588,0
2,712,66,66,26.2123,19.2598,57.0974,192.818,0
2,712,67,67,26.8582,37.9547,79.049,25.6516,0
2,712,68,68,34.1423,44.3709,28.056,113.22,0
2,712,69,69,65.1211,21.6148,68.0355,0.0367598,0
2,712,70,70,41.1527,30.6849,55.9422,790.909,0
2,712,71,71,50.5647,41.3403,13.6502,32.3391,0
2,712,72,72,3.41173,28.5932,15.0809,160.732,0
2,712,73,73,2.27767,35.4163,22.6813,78.5943,0
2,712,74,74,8.49552,13.8805,7.62544,0.0374883,0
2,712,75,75,44.2251,24.3214,10.3574,31.4701,0
2,712,76,76,4.62491,42.1031,12.3194,71.04,0
2,712,77,77,32.5995,43.4817,12.475,0.231005,0
2,712,78,78,22.7495,36.9854,68.3822,44.1337,0
2,712,79,79,49.0363,32.5079,87.5355,271.099,0
2,712,80,80,24.8588,60.3931,15.6428,1.82232,0
2,712,81,81,9.45967,13.6679,21.9091,102.815,0
2,712,82,82,52.0995,40.3222,6.75446,90.623,0
2,712,83,83,7.12315,8.98493,17.0322,21.2154,0
2,712,84,84,8.32563,44.0136,30.3819,7.47166,0
2,712,85,85,75.889,37.8633,11.2933,1.58857,0
2,712,86,86,27.6687,28.9307,16.1836,146.648,0
2,712,87,87,63.2403,37.8187,37.896,9.791,0
2,712,88,88,20.2588,33.6302,8.01514,659.661,0
2,712,89,89,14.9354,24.3719,16.2226,48.3349,0
2,712,90,90,61.7696,48.6656,19.4316,234.08,0
2,712,91,91,9.34652,11.0137,46.0064,0.212082,0
2,712,92,92,51.6133,29.1726,20.6044,19.083,0
2,712,93,93,39.8559,23.0574,20.7453,25.8025,0
2,712,94,94,16.6646,23.2763,5.43273,29.5541,0
2,712,95,95,17.9119,23.8808,1.22144,9.96139,0
2,712,96,96,21.0254,15.8075,108.917,566.249,0
2,712,97,97,22.2726,75.2004,19.4619,11.6184,0
2,712,98,98,7.62646,31.1932,18.675,131.119,0
2,712,99,99,13.3997,22.8492,3.01072,160.251,0
2,712,100,100,26.53,40.6252,22.6079,1.75573,0
2,712,101,101,23.4362,36.1834,14.4892,39.7109,0
2,712,102,102,31.037,30.3033,68.4921,1.89778,0
2,712,103,103,20.7633,21.7848,14.2374,28.1631,0
2,712,104,104,85.7377,45.5202,51.3954,0.409396,0
2,712,105,105,3.68904,35.3657,11.6555,1.32524,0
2,712,106,106,14.9467,34.1056,2.79336,42.4786,0
2,712,107,107,19.9555,53.8389,8.44288,52.232,0
2,712,108,108,61.0548,52.0077,17.4183,0.998955,0
2,712,109,109,48.5965,22.75,2.23517,0.0919657,0
2,712,110,110,22.4747,60.2282,6.83447,379.208,0
2,712,111,111,0.781335,38.0425,27.7586,1917.9,0
2,712,112,112,6.55538,21.3683,18.4972,193.865,0
2,712,113,113,14.097,139.471,39.2275,60.5952,0
2,712,114,114,37.1594,29.6397,1.31341,89.5822,0
2,712,115,115,100.669,33.4368,20.7316,9.0051,0
2,712,116,116,2.35612,29.9566,53.3256,181.696,0
2,712,117,117,1.07713,24.8189,2.05573,6.3655,0
2,712,118,118,23.5792,40.8556,20.6052,1.34196,0
2,712,119,119,18.5707,24.5629,7.4021,1.94007,0
2,712,120,120,28.446,24.7873,16.3487,10.4622,0
2,712,121,121,10.4363,15.8553,14.5244,0.0435438,0
2,712,122,122,36.3491,19.1599,0.600691,198.19,0
2,712,123,123,84.7387,146.625,64.6509,0.884278,0
2,712,124,124,16.087,50.2779,23.0468,4.33891,0
2,712,125,125,22.3936,11.9564,8.71145,48.5874,0
2,712,126,126,2.99214,46.8357,1.89488,7.7327,0
2,712,127,127,3.8149,14.947,28.7489,15.0061,0
2,712,128,128,32.5093,21.5216,14.2826,0.471361,0
2,712,129,129,48.4501,123.299,3.69746,853.643,0
2,712,130,130,19.8687,26.2987,4.57324,6.66223,0
2,712,131,131,30.3249,25.48,7.13358,22.0812,0
2,712,132,132,29.1066,32.3071,25.8964,2483.1,0
2,712,133,133,94.0496,90.8429,5.45887,97.7389,0
2,712,134,134,30.6499,15.7587,1.3195,348.591,0
2,712,135,135,14.5966,30.4082,2.20828,50.4954,0
2,712,136,136,74.5241,27.6978,64.0806,1.60827,0
2,712,137,137,31.22,23.5681,31.037,60.6512,0
2,712,138,138,28.2716,21.8249,0.488727,7.13015,0
2,712,139,139,0.674662,26.3668,5.25528,0.186714,0
2,712,140,140,10.8623,18.2371,41.8718,1874.13,0
2,712,141,141,12.097,24.5177,5.35827,0.653672,0
2,712,142,142,27.4456,20.2621,10.4466,27.0778,0
2,712,143,143,20.1311,27.2214,59.539,134.712,0
2,712,144,144,64.0068,39.3651,57.5171,37.9244,0
2,712,145,145,6.04681,27.8954,57.266,49.3771,0
2,712,146,146,23.1302,16.7818,6.03923,6.56846,0
2,712,147,147,54.934,71.4279,10.6504,207.687,0
2,712,148,148,21.5013,15.0821,9.35901,5.91132,0
2,712,149,149,7.36973,88.3684,88.3323,268.403,0
2,712,150,150,4.02817,34.507,37.3405,46.9253,0
2,712,151,151,8.43645,17.3568,40.7855,18.3399,0
2,712,152,152,9.53909,20.1247,93.3285,0.20021,0
2,712,153,153,73.3281,26.2592,3.38416,16.5365,0
2,712,154,154,2.66965,34.5903,8.79615,6.69686,0
2,712,155,155,6.57974,17.8922,0.0727517,14.7026,0
2,712,156,156,10.3848,21.1893,33.2356,49.7655,0
2,712,157,157,1.98086,21.8944,1.7136,43.7887,0
2,712,158,158,20.6251,32.3047,2.58119,3.14807,0
2,712,159,159,10.8543,17.3406,2.19885,26.0191,0
2,712,160,160,6.73227,9.85855,0.569239,73.0643,0
2,712,161,161,31.6101,26.985,2.98969,623.708,0
2,712,162,162,19.6329,51.5567,3.5863,55.2616,0
2,712,163,163,12.0238,37.7622,16.5528,173.442,0
2,712,164,164,74.2287,40.8263,8.61174,809.606,0
2,712,165,165,41.9346,24.2667,31.0369,256.956,0
2,712,166,166,12.6599,13.4905,15.553,25.9692,0
2,712,167,167,15.4051,53.58,9.13629,255.501,0
2,712,168,168,30.9614,27.9424,32.9185,34.456,0
2,712,169,169,16.2541,29.5326,23.2655,12.0899,0
2,712,170,170,23.2543,81.8446,2.86363,0.790803,0
2,712,171,171,22.8976,14.4251,22.2411,49.0309,0
2,712,172,172,55.895,22.0711,37.642,61.5928,0
2,712,173,173,9.60149,43.7473,34.8686,3.06268,0
2,712,174,174,37.8244,42.6706,5.24467,131.269,0
2,712,175,175,29.378,28.5149,5.03585,33.7751,0
2,712,176,176,23.7669,52.5896,11.6544,8.49588,0
2,712,177,177,39.9482,28.7234,5.35474,37.9318,0
2,712,178,178,4.87858,30.9775,12.579,18.1309,0
2,712,179,179,5.65327,29.6981,1.79759,2.16329,0
2,712,180,180,72.2014,28.5571,25.4171,6.30693,0
2,712,181,181,12.6897,69.0483,0.652951,167.271,0
2,712,182,182,19.849,29.1498,10.6084,17.5316,0
2,712,183,183,15.777,42.0526,1.54851,9.80881,0
2,712,184,184,28.3636,96.8011,17.783,211.64,0
2,712,185,185,15.0613,32.8173,1.97981,335.603,0
2,712,186,186,8.05103,67.8864,6.10665,2.27699,0
2,712,187,187,1.60005,26.2293,4.86921,2.85522,0
2,712,188,188,40.234,17.2477,16.6138,11.7697,0
2,712,189,189,49.4287,45.1587,7.29751,741.728,0
2,712,190,190,13.3432,29.2415,59.9702,299.818,0
2,712,191,191,9.21252,22.4999,5.31026,0.007315,0
2,712,192,192,72.2712,16.2512,1.70679,42.3746,0
2,712,193,193,7.49563,12.7968,5.96962,430.797,0
2,712,194,194,3.31888,27.1124,1.4635,4547.77,0
2,712,195,195,84.969,35.0561,20.6999,248.296,0
2,712,196,196,44.0556,35.755,5.48107,2940.17,0
2,712,197,197,28.5414,107.525,26.7493,23.3659,0
2,712,198,198,61.286,23.0492,13.9929,40.7715,0
2,712,base,base,0.175978,0.965032,0.00929486,0.00937604,0
3,968,0,0,5.64411,33.4648,9.43426,18.4361,0
3,968,1,1,37.6758,35.7316,23.0024,83.1689,0
3,968,2,2,17.8171,23.3242,13.0901,132.414,0
3,968,3,3,33.0081,22.3462,8.93636,14.6311,0
3,968,4,4,8.64068,21.1367,39.1055,0.00462847,0
3,968,5,5,29.5359,17.6308,12.6459,13.7503,0
3,968,6,6,13.9961,13.2674,30.8501,73.4656,0
3,968,7,7,4.89639,25.8659,7.93987,176.039,0
3,968,8,8,31.2475,34.9536,53.3928,133.633,0
3,968,9,9,7.36463,13.0633,57.8663,19.8775,0
3,968,10,10,41.6699,64.7337,58.233,15.355,0
3,968,11,11,7.22817,19.9553,26.286,100.235,0
3,968,12,12,12.1424,13.7731,8.58495,24.8314,0
3,968,13,13,2.74669,31.3024,41.4559,23.9335,0
3,968,14,14,2.91625,21.5319,39.7509,147.401,0
3,968,15,15,33.8481,16.0504,4.32483,14.4524,0
3,968,16,16,5.55995,11.8921,18.7247,106.161,0
3,968,17,17,57.107,48.0211,0.884989,1.03015,0
3,968,18,18,1.61461,17.4914,6.93787,8.26726,0
3,968,19,19,10.071,29.9965,1.21723,0.359084,0
3,968,20,20,1.67072,39.9487,28.7825,57.8271,0
3,968,21,21,4.8809,25.4945,0.897954,1.10888,0
3,968,22,22,2.18808,47.8013,4.78334,23.1402,0
3,968,23,23,28.1802,20.3673,12.5992,63.3051,0
3,968,24,24,68.3569,18.6667,24.1037,25.5085,0
3,968,25,25,1.34015,17.4885,5.8007,30.2314,0
3,968,26,26,6.92469,10.7318,4.87125,34.8957,0
3,968,27,27,81.9324,40.6253,20.5025,93.7487,0
3,968,28,28,8.83811,13.256,4.1063,0.119038,0
3,968,29,29,16.7843,20.804,23.1244,33.9376,0
3,968,30,30,12.6382,21.1868,23.0442,24.0567,0
3,968,31,31,1.43883,20.1505,3.4019,120.327,0
3,968,32,32,21.8521,22.8975,107.096,30.5152,0
3,968,33,33,7.54286,24.2096,13.1502,84.6838,0
3,968,34,34,10.2613,17.7744,0.56778,305.027,0
3,968,35,35,102.169,22.6676,134.359,121.021,0
3,968,36,36,5.69931,15.7415,16.755,15.6778,0
3,968,37,37,19.9271,65.7541,1.87833,0.624623,0
3,968,38,38,0.566836,27.9046,47.8483,4.46109,0
3,968,39,39,8.77882,15.9281,1.98378,3.51522,0
3,968,40,40,13.7889,11.347,3.28547,5.25591,0
3,968,41,41,16.1521,13.4993,42.2874,18.1298,0
3,968,42,42,1.9567,6.31269,64.522,98.0994,0
3,968,43,43,14.9596,21.3661,33.6358,36.2034,0
3,968,44,44,28.1993,22.8204,39.2567,155.105,0
3,968,45,45,188.414,44.2793,12.9938,286.614,0
3,968,46,46,26.2509,18.5063,34.3868,51.6221,0
3,968,47,47,13.2107,18.1698,0.858163,48.5338,0
3,968,48,48,13.7554,17.9768,3.65458,57.2689,0
3,968,49,49,6.08454,25.1041,26.1897,75.4068,0
3,968,50,50,9.84674,35.6064,169.282,1.8633,0
3,968,51,51,7.08493,44.2433,15.1607,17.6324,0
3,968,52,52,47.4016,79.8755,22.4609,29.0903,0
3,968,53,53,8.4216,35.8081,13.5043,55.4811,0
3,968,54,54,40.2524,25.099,7.02849,105.291,0
3,968,55,55,7.46075,5.75997,99.9161,0.558249,0
3,968,56,56,31.0188,34.7401,40.6018,4.41378,0
3,968,57,57,31.1356,17.9343,31.32,22.1288,0
3,968,58,58,19.1938,14.2864,40.3835,212.821,0
3,968,59,59,1.21482,16.2496,57.3826,5.99439,0
3,968,60,60,8.57503,25.1053,34.0659,11.3316,0
3,968,61,61,7.98804,39.5165,30.3283,99.9738,0
3,968,62,62,20.5672,17.9155,21.4547,22.5334,0
3,968,63,63,2.97588,29.5471,8.92103,23.4123,0
3,968,64,64,8.85462,36.969,51.5528,15.4666,0
3,968,65,65,13.028,23.8214,119.079,2.34571,0
3,968,66,66,2.07705,13.3044,77.8722,54.1104,0
3,968,67,67,3.42597,33.5887,61.4953,12.5889,0
3,968,68,68,20.0714,29.0243,19.5545,27.3564,0
3,968,69,69,24.1194,15.8198,106.655,39.2691,0
3,968,70,70,7.16859,20.4791,33.4537,22.2215,0
3,968,71,71,6.06262,20.7432,41.3457,88.0469,0
3,968,72,72,4.0074,20.8015,28.8682,65.0725,0
3,968,73,73,3.77493,25.6989,23.3779,109.327,0
3,968,74,74,6.87332,12.5822,10.0746,8.77954,0
3,968,75,75,19.2824,16.57,7.76514,0.133073,0
3,968,76,76,3.28827,22.5882,6.56015,183.335,0
3,968,77,77,23.133,28.3235,6.76043,3.99974,0
3,968,78,78,42.2235,35.363,72.1854,14.4393,0
3,968,79,79,2.53329,23.467,97.2173,3.88738,0
3,968,80,80,4.50802,47.5239,4.83086,16.5308,0
3,968,81,81,7.13376,14.2673,15.8431,0.00189111,0
3,968,82,82,37.6117,37.2713,10.7372,30.7938,0
3,968,83,83,3.44058,7.22912,16.9833,46.7955,0
3,968,84,84,14.2814,32.1178,33.4388,56.8899,0
3,968,85,85,70.2945,25.5516,24.1149,1.75253,0
3,968,86,86,16.6548,19.8157,15.2165,3.35723e-05,0
3,968,87,87,19.876,22.6184,37.0205,1.75007,0
3,968,88,88,29.93,33.5561,13.9777,152.715,0
3,968,89,89,13.1131,17.6954,20.6015,40.5895,0
3,968,90,90,17.0966,28.0852,5.48858,42.6556,0
3,968,91,91,7.6227,8.47796,36.6345,0.184355,0
3,968,92,92,37.2443,24.7565,19.4315,96.2841,0
3,968,93,93,21.278,13.4651,16.3523,11.1592,0
3,968,94,94,14.5902,14.2227,1.23604,52.843,0
3,968,95,95,18.0528,17.0283,1.67175,24.038,0
3,968,96,96,4.2868,14.0027,161.608,402.533,0
3,968,97,97,6.42466,25.138,0.399624,0.242646,0
3,968,98,98,5.19481,24.5262,17.2209,37.205,0
3,968,99,99,9.88134,19.8393,1.12161,80.5079,0
3,968,100,100,17.7342,20.7611,8.01417,6.63257,0
3,968,101,101,20.0114,29.167,13.7749,9.01853,0
3,968,102,102,11.0435,19.1064,21.9581,1.77435,0
3,968,103,103,10.2691,12.4228,17.1888,91.179,0
3,968,104,104,8.57046,25.6538,42.5357,32.7686,0
3,968,105,105,4.90529,23.0098,15.3247,6.55879,0
3,968,106,106,33.9065,30.8815,17.5391,0.447159,0
3,968,107,107,3.59484,35.0532,12.634,84.7388,0
3,968,108,108,10.4032,20.2739,19.6978,155.294,0
3,968,109,109,32.9675,14.6004,4.94769,1.00235,0
3,968,110,110,4.70364,44.5483,3.61268,180.091,0
3,968,111,111,9.8389,22.8743,8.93507,720.181,0
3,968,112,112,3.33318,16.6989,26.5381,1.86942,0
3,968,113,113,8.31264,59.9828,47.4711,18.8049,0
3,968,114,114,18.7772,12.192,3.60907,135.789,0
3,968,115,115,35.4893,20.2174,31.6445,0.19417,0
3,968,116,116,2.02164,16.2999,49.2839,2.79693,0
3,968,117,117,9.89087,25.7126,5.56313,13.0266,0
3,968,118,118,15.7255,26.7423,18.4246,7.54329,0
3,968,119,119,41.7572,54.4112,23.5637,13.1348,0
3,968,120,120,10.2493,14.878,14.5337,43.0536,0
3,968,121,121,3.00392,10.4886,6.95143,3.4731,0
3,968,122,122,31.263,17.7247,1.2507,49.3529,0
3,968,123,123,25.7315,84.9551,33.4102,21.9483,0
3,968,124,124,12.7523,38.5851,28.4952,19.5285,0
3,968,125,125,5.68523,11.0667,11.441,355.626,0
3,968,126,126,9.10279,30.9765,4.42361,42.7365,0
3,968,127,127,7.34358,13.7071,46.2171,14.4547,0
3,968,128,128,47.0778,20.7552,28.1206,185.87,0
3,968,129,129,12.1771,37.4231,20.2848,556.525,0
3,968,130,130,12.4794,21.9335,2.05165,38.3145,0
3,968,131,131,5.29851,54.072,18.1025,5.43745,0
3,968,132,132,24.2417,13.0995,12.6922,1827.2,0
3,968,133,133,39.3495,41.4252,4.73212,120.971,0
3,968,134,134,18.6021,13.3317,0.297593,8.92038,0
3,968,135,135,17.5269,23.9937,10.0164,22.22,0
3,968,136,136,78.6386,24.9071,42.6725,48.697,0
3,968,137,137,7.56243,20.1294,45.5931,20.2201,0
3,968,138,138,25.8869,18.8589,6.81176,16.4221,0
3,968,139,139,2.76311,18.7371,3.7422,177.541,0
3,968,140,140,8.889,23.8894,87.9514,1823.5,0
3,968,141,141,11.4258,19.9272,6.64811,6.55429,0
3,968,142,142,14.9667,14.4975,13.7885,3.0831,0
3,968,143,143,6.44926,18.8617,71.1473,76.9758,0
3,968,144,144,6.14145,40.9168,31.6187,26.9791,0
3,968,145,145,7.28594,26.3542,73.2925,6.17111,0
3,968,146,146,6.10527,13.7494,12.5383,44.1677,0
3,968,147,147,45.9378,32.9176,1.85727,56.6441,0
3,968,148,148,19.3956,13.9771,5.58745,44.828,0
3,968,149,149,4.42778,65.7539,113.131,140.986,0
3,968,150,150,1.22815,26.349,45.9331,33.5735,0
3,968,151,151,12.6334,10.7442,47.3014,6.46175,0
3,968,152,152,9.57631,17.3038,53.1606,2.05858,0
3,968,153,153,56.8184,17.8176,6.67585,73.055,0
3,968,154,154,4.42222,19.1596,18.831,22.5623,0
3,968,155,155,23.1055,22.9103,2.53839,0.235337,0
3,968,156,156,9.10849,16.5836,24.0481,36.4393,0
3,968,157,157,0.734385,13.5144,0.431301,68.9334,0
3,968,158,158,24.3183,26.4942,6.12227,24.3479,0
3,968,159,159,9.88069,14.3228,5.44374,91.5249,0
3,968,160,160,5.66752,8.01506,0.388909,113.647,0
3,968,161,161,7.70109,20.546,5.73017,14.55,0
3,968,162,162,13.1252,39.1177,8.75019,58.5589,0
3,968,163,163,3.65817,25.7407,14.3147,90.257,0
3,968,164,164,33.3511,32.8553,5.03095,103.313,0
3,968,165,165,26.5982,27.4723,52.6623,0.831386,0
3,968,166,166,4.14362,8.21042,10.1057,15,0
3,968,167,167,5.24226,31.8323,3.77336,28.404,0
3,968,168,168,25.2701,17.8186,42.7517,20.6514,0
3,968,169,169,3.08221,18.2372,34.0313,0.113491,0
3,968,170,170,20.3196,66.8593,7.36458,6.98575,0
3,968,171,171,5.7731,7.86879,24.772,6.42383,0
3,968,172,172,29.0526,23.5609,48.7188,218.769,0
3,968,173,173,8.38919,23.5788,50.077,5.69336,0
3,968,174,174,8.79761,38.2178,7.93278,3.93688e-05,0
3,968,175,175,9.22595,19.4081,4.97394,52.0555,0
3,968,176,176,20.4463,37.7833,11.6018,6.18663,0
3,968,177,177,11.2558,13.8647,2.10627,1.47084,0
3,968,178,178,8.02423,23.4624,15.7652,41.4569,0
3,968,179,179,4.62897,26.7755,4.89961,15.5405,0
3,968,180,180,73.5961,16.8333,19.5944,22.9678,0
3,968,181,181,8.34576,50.7034,4.73524,0.777807,0
3,968,182,182,15.9137,24.7067,10.6057,24.5373,0
3,968,183,183,8.14423,36.5358,10.5434,56.4929,0
3,968,184,184,22.2018,76.6861,37.1836,66.7935,0
3,968,185,185,14.0137,25.52,3.07952,40.6457,0
3,968,186,186,5.73946,33.4183,7.47634,32.2041,0
3,968,187,187,8.77405,20.5136,9.46134,26.0542,0
3,968,188,188,83.8904,39.6611,2.62132,3.46705,0
3,968,189,189,43.8256,33.3015,4.95251,0.11739,0
3,968,190,190,3.11965,27.8977,106.217,4.15174,0
3,968,191,191,5.31996,11.7923,12.8972,2.67647,0
3,968,192,192,26.3355,11.4807,8.20787,61.5953,0
3,968,193,193,5.14702,14.806,6.90976,357.3,0
3,968,194,194,12.0348,23.3383,0.734287,1151.01,0
3,968,195,195,21.0963,25.7015,16.6513,82.0917,0
3,968,196,196,40.3799,22.476,23.5688,71.1899,0
3,968,197,197,11.9099,50.8662,4.18073,42.9414,0
3,968,198,198,11.4355,10.3447,10.3325,31.0259,0
3,968,base,base,0.176645,0.772825,0.00911742,0.00569375,0
4,1224,0,0,5.9932,25.6283,13.5487,4.13278,0
4,1224,1,1,50.203,39.8594,33.7405,21.0376,0
4,1224,2,2,15.2051,19.8504,13.7121,35.9145,0
4,1224,3,3,33.2835,18.1939,11.4149,34.9458,0
4,1224,4,4,7.99556,25.3258,35.7457,0.417135,0
4,1224,5,5,13.9677,13.5332,6.12818,8.28272,0
4,1224,6,6,6.02202,13.7274,41.5342,72.3598,0
4,1224,7,7,15.7402,25.221,16.0541,82.6752,0
4,1224,8,8,35.7849,29.2591,53.4621,78.867,0
4,1224,9,9,6.73024,13.3792,57.7567,0.349552,0
4,1224,10,10,39.5974,67.6075,48.3468,4.45059,0
4,1224,11,11,5.36544,17.9221,28.6438,31.488,0
4,1224,12,12,8.3525,12.0546,14.7732,11.3653,0
4,1224,13,13,0.904782,28.7589,38.4622,7.71946,0
4,1224,14,14,9.23194,13.7352,44.189,30.5239,0
4,1224,15,15,27.0239,16.0175,5.98348,6.33756,0
4,1224,16,16,4.83199,12.2794,21.1265,41.0114,0
4,1224,17,17,57.207,39.5126,6.2389,2.35206,0
4,1224,18,18,0.491674,12.6195,11.4831,13.8882,0
4,1224,19,19,10.8703,23.3842,5.55742,0.300156,0
4,1224,20,20,2.26216,43.1611,15.9718,11.9766,0
4,1224,21,21,7.62713,22.791,2.00366,7.7335,0
4,1224,22,22,2.04466,39.3826,3.79122,28.5438,0
4,1224,23,23,30.7297,15.264,20.1641,61.0033,0
4,1224,24,24,69.387,18.9043,17.3532,58.1207,0
4,1224,25,25,0.762711,11.3493,8.04774,25.7684,0
4,1224,26,26,9.17681,12.9983,5.21565,35.1059,0
4,1224,27,27,182.655,64.2041,44.7267,90.0112,0
4,1224,28,28,6.12476,13.5236,1.1808,25.4236,0
4,1224,29,29,31.4242,24.5326,25.4605,4.55844,0
4,1224,30,30,11.3923,16.8066,29.5123,29.9163,0
4,1224,31,31,31.596,41.9535,17.7721,138.076,0
4,1224,32,32,26.9335,17.4629,146.646,19.7026,0
4,1224,33,33,10.0934,19.4762,17.3308,34.139,0
4,1224,34,34,11.7713,18.6488,6.95539,177.707,0
4,1224,35,35,85.9519,12.0284,171.598,13.1837,0
4,1224,36,36,4.29452,10.87,15.1896,0.652714,0
4,1224,37,37,29.6383,56.6574,12.4986,1.01044,0
4,1224,38,38,90.0876,64.5943,52.2423,55.9359,0
4,1224,39,39,7.41166,16.3821,5.44871,7.58578,0
4,1224,40,40,12.656,9.48527,2.65598,0.530937,0
4,1224,41,41,19.4313,11.8422,32.9752,17.4494,0
4,1224,42,42,2.84535,5.11167,62.4865,5.74558,0
4,1224,43,43,16.6258,17.3712,25.924,58.1682,0
4,1224,44,44,27.8881,20.0316,51.1867,45.1409,0
4,1224,45,45,157.342,37.0438,5.88464,189.001,0
4,1224,46,46,37.07,36.6565,36.9534,35.7541,0
4,1224,47,47,8.01168,14.6858,0.905963,19.1289,0
4,1224,48,48,131.473,82.5274,22.8263,45.4344,0
4,1224,49,49,3.95804,15.3487,21.4577,68.2968,0
4,1224,50,50,7.11615,29.5043,150.547,0.600977,0
4,1224,51,51,8.3572,34.8017,13.6213,7.42887,0
4,1224,52,52,26.6355,66.0188,17.0089,7.80585,0
4,1224,53,53,65.4609,60.6669,25.6205,6.14537,0
4,1224,54,54,38.6373,23.0842,15.3728,19.4073,0
4,1224,55,55,4.92364,4.69232,104.883,0.685462,0
4,1224,56,56,26.7617,26.1771,53.3798,5.68509,0
4,1224,57,57,34.2379,14.1356,30.94,66.6023,0
4,1224,58,58,63.5677,45.5687,35.5142,1.37466,0
4,1224,59,59,2.57828,15.974,60.3152,2.1508,0
4,1224,60,60,5.66873,19.1915,41.7725,18.0219,0
4,1224,61,61,17.831,42.8585,25.318,1885.24,0
4,1224,62,62,26.9364,26.051,30.5318,0.0408096,0
4,1224,63,63,1.62915,24.3535,12.5521,18.527,0
4,1224,64,64,13.3507,33.0979,76.974,0.829496,0
4,1224,65,65,11.5362,18.2814,132.672,17.156,0
4,1224,66,66,0.360482,11.389,76.5475,59.224,0
4,1224,67,67,1.13236,28.3157,63.857,6.32565,0
4,1224,68,68,11.3732,21.592,25.1517,22.3811,0
4,1224,69,69,11.2014,10.206,112.894,33.1054,0
4,1224,70,70,6.59216,14.0057,21.8383,2.04874,0
4,1224,71,71,15.4433,24.3069,67.0686,2.9495,0
4,1224,72,72,6.83236,14.3908,20.136,0.0502699,0
4,1224,73,73,2.60057,21.6083,21.9578,91.248,0
4,1224,74,74,8.31857,14.5046,16.5776,14.2508,0
4,1224,75,75,16.5692,12.4392,9.82596,0.788233,0
4,1224,76,76,19.737,30.4273,40.0458,6.16578,0
4,1224,77,77,40.9196,30.8303,11.7365,5.69033,0
4,1224,78,78,113.049,64.8582,43.3737,28.816,0
4,1224,79,79,3.69635,25.608,127.188,1.93826,0
4,1224,80,80,14.6772,43.3013,12.3871,1.27344,0
4,1224,81,81,7.60255,12.8971,16.1414,5.98804,0
4,1224,82,82,44.2518,36.418,12.1573,52.3583,0
4,1224,83,83,5.66107,7.517,28.8338,36.9007,0
4,1224,84,84,12.9088,25.0538,34.2202,25.7487,0
4,1224,85,85,69.8808,18.5945,25.2311,5.68461,0
4,1224,86,86,15.5171,17.233,16.4477,9.92698,0
4,1224,87,87,21.4553,21.7169,43.7515,8.38822,0
4,1224,88,88,30.7064,40.4517,8.57392,24.923,0
4,1224,89,89,11.9057,15.3525,16.6573,62.6627,0
4,1224,90,90,16.617,20.1428,4.08073,55.1411,0
4,1224,91,91,7.7816,6.89759,37.5053,2.86669,0
4,1224,92,92,29.1045,20.7366,19.6626,85.1394,0
4,1224,93,93,19.341,11.6516,17.0836,1.88956,0
4,1224,94,94,13.4183,10.7219,2.29529,20.294,0
4,1224,95,95,21.9679,13.235,2.96623,16.284,0
4,1224,96,96,9.9531,17.4736,86.5376,32.4486,0
4,1224,97,97,3.71814,23.9485,3.40929,0.22248,0
4,1224,98,98,4.93452,22.6976,17.0921,47.8313,0
4,1224,99,99,15.3063,18.4625,0.0735854,130.336,0
4,1224,100,100,69.3252,37.3504,7.89465,0.203755,0
4,1224,101,101,17.7788,25.7121,8.71817,5.7548,0
4,1224,102,102,5.96885,15.8361,15.4856,3.29689,0
4,1224,103,103,13.1692,9.81008,15.464,19.4293,0
4,1224,104,104,4.87776,21.1713,51.7768,18.1941,0
4,1224,105,105,13.7214,15.957,38.7705,5.29868,0
4,1224,106,106,27.0744,19.8431,11.236,1.9475,0
4,1224,107,107,4.4286,24.8448,18.3081,68.5707,0
4,1224,108,108,4.19666,15.0585,7.54677,0.0865112,0
4,1224,109,109,30.9108,13.3395,8.43897,4.55707,0
4,1224,110,110,1.57979,38.8241,1.74506,255.242,0
4,1224,111,111,4.2291,30.4626,26.1324,71.0354,0
4,1224,112,112,3.95393,13.1026,35.3635,13.8658,0
4,1224,113,113,1.92918,42.2241,41.5424,9.14886e-05,0
4,1224,114,114,21.8037,14.1139,14.3571,177.492,0
4,1224,115,115,19.574,15.1891,27.9251,0.0594655,0
4,1224,116,116,1.99463,13.7207,50.851,28.4041,0
4,1224,117,117,5.06031,36.6201,12.8675,0.369209,0
4,1224,118,118,10.6264,19.5754,23.2447,2.55928,0
4,1224,119,119,17.5472,30.6092,11.2826,11.924,0
4,1224,120,120,2.30752,9.77671,10.8272,5.49359,0
4,1224,121,121,1.64635,8.83162,6.64842,1.83593,0
4,1224,122,122,23.3477,17.1851,2.06975,3.23866,0
4,1224,123,123,1.08392,39.6157,35.2902,0.0787008,0
4,1224,124,124,11.2355,30.8057,36.7221,32.3043,0
4,1224,125,125,8.97661,19.0014,20.2822,0.0321694,0
4,1224,126,126,10.9287,24.5327,8.56446,23.8163,0
4,1224,127,127,13.7195,12.7512,39.9986,2.00631,0
4,1224,128,128,46.6046,18.6455,62.7187,68.996,0
4,1224,129,129,17.5377,57.4642,2.06131,58.2779,0
4,1224,130,130,13.4872,20.1689,5.07676,26.4752,0
4,1224,131,131,14.2695,14.0548,6.73229,294.063,0
4,1224,132,132,18.1144,16.7412,29.7601,654.732,0
4,1224,133,133,24.4221,26.1238,2.27239,28.6956,0
4,1224,134,134,17.5582,10.865,0.136547,13.831,0
4,1224,135,135,18.5059,21.4391,14.2952,14.9112,0
4,1224,136,136,82.1491,23.8396,33.3861,19.4102,0
4,1224,137,137,4.05703,26.5675,60.7777,28.0232,0
4,1224,138,138,27.9671,18.9419,26.8432,7.75309,0
4,1224,139,139,6.11692,16.3962,6.69695,74.4283,0
4,1224,140,140,26.4572,63.9745,166.798,6716.93,0
4,1224,141,141,14.556,16.8455,9.3943,3.16781,0
4,1224,142,142,8.12977,11.2033,23.3258,17.0543,0
4,1224,143,143,7.08917,15.489,73.4263,79.5743,0
4,1224,144,144,12.8263,57.4421,15.9287,18.871,0
4,1224,145,145,16.5191,34.7306,102.272,31.8671,0
4,1224,146,146,12.3359,16.2687,20.3294,56.3767,0
4,1224,147,147,18.2802,23.3618,1.00414,56.6396,0
4,1224,148,148,23.3897,10.8521,7.99856,6.47121,0
4,1224,149,149,17.734,44.0279,120.475,37.324,0
4,1224,150,150,0.684576,21.0019,49.6863,35.0719,0
4,1224,151,151,8.681,9.30766,50.0695,7.99637,0
4,1224,152,152,14.6094,20.9779,34.7106,0.9842,0
4,1224,153,153,48.6986,13.4329,9.79097,51.755,0
4,1224,154,154,11.5704,14.3381,38.8253,14.2839,0
4,1224,155,155,22.7667,22.3293,8.08831,2.38383,0
4,1224,156,156,9.08681,18.0074,27.2031,5.02479,0
4,1224,157,157,7.0588,13.9265,7.45387,53.8555,0
4,1224,158,158,17.2835,24.2773,21.5899,10.7859,0
4,1224,159,159,7.27989,12.3567,8.75804,24.7842,0
4,1224,160,160,4.63717,6.41589,0.853093,109.301,0
4,1224,161,161,11.2862,24.4069,13.9175,65.6168,0
4,1224,162,162,15.5854,29.1022,9.62205,6.85007,0
4,1224,163,163,3.2679,22.5368,25.3265,0.389799,0
4,1224,164,164,26.1319,24.1594,9.19517,10.6627,0
4,1224,165,165,10.3823,14.0614,92.5839,117.727,0
4,1224,166,166,3.00832,6.55174,10.5031,0.0515751,0
4,1224,167,167,4.9712,25.7253,6.48243,29.3186,0
4,1224,168,168,22.6864,13.1591,43.5667,0.0441494,0
4,1224,169,169,3.664,13.8031,46.9357,0.0631646,0
4,1224,170,170,8.03973,46.8351,8.52291,0.00839391,0
4,1224,171,171,6.03647,6.34676,26.9975,5.78585,0
4,1224,172,172,11.813,13.3524,49.3839,74.9028,0
4,1224,173,173,17.3319,19.5409,63.5465,8.39251,0
4,1224,174,174,9.57698,28.0373,9.40523,24.167,0
4,1224,175,175,6.06205,16.6282,3.62055,10.6492,0
4,1224,176,176,28.4633,28.631,7.92062,15.1351,0
4,1224,177,177,5.52902,11.4958,3.46431,8.95558,0
4,1224,178,178,11.7677,18.9267,23.4557,45.1594,0
4,1224,179,179,4.41134,23.7965,6.29758,1.76172,0
4,1224,180,180,48.9021,9.11434,9.14822,1.35889,0
4,1224,181,181,56.1802,72.1673,10.4568,16.2854,0
4,1224,182,182,19.8275,21.9934,10.9488,30.8937,0
4,1224,183,183,3.601,29.9158,11.7469,5.50732,0
4,1224,184,184,23.0292,67.1252,53.1015,76.9462,0
4,1224,185,185,15.2964,22.1495,3.3657,21.6815,0
4,1224,186,186,9.27706,22.7899,7.6773,12.1027,0
4,1224,187,187,11.7748,20.4497,12.6254,0.146879,0
4,1224,188,188,1.18675,6.858,11.5406,5.29247,0
4,1224,189,189,33.8601,33.3262,8.30243,294.045,0
4,1224,190,190,7.2735,22.0858,122.027,4.41807,0
4,1224,191,191,3.72699,8.80277,22.5099,0.915218,0
4,1224,192,192,16.904,9.54556,8.99646,83.4089,0
4,1224,193,193,9.1142,8.2274,7.27502,86.4691,0
4,1224,194,194,91.9738,87.8049,55.8417,165.793,0
4,1224,195,195,13.7404,18.7663,18.2047,51.6071,0
4,1224,196,196,16.1479,11.901,10.1046,179.127,0
4,1224,197,197,8.52658,30.2423,4.59161,5.35155,0
4,1224,198,198,12.1444,8.21642,12.8333,26.5275,0
4,1224,base,base,0.148419,0.629037,0.00489124,0.00645806,0
5,1480,0,0,4.81494,21.3006,15.8218,10.2436,0
5,1480,1,1,33.4877,38.2032,29.6134,82.1945,0
5,1480,2,2,18.1655,17.2908,15.8176,45.931,0
5,1480,3,3,6.52482,7.92543,13.1375,6.98224,0
5,1480,4,4,7.43542,22.5497,53.7205,13.317,0
5,1480,5,5,13.7943,11.5362,9.02928,18.023,0
5,1480,6,6,5.04674,13.475,43.832,75.0501,0
5,1480,7,7,13.3646,19.9836,27.5232,87.8631,0
5,1480,8,8,27.2007,19.9112,61.2361,79.3028,0
5,1480,9,9,6.33211,13.2231,52.8428,0.91832,0
5,1480,10,10,43.3399,75.4801,48.7473,1.56378,0
5,1480,11,11,5.05757,16.7974,28.8965,9.22023,0
5,1480,12,12,8.48027,10.9711,15.945,14.433,0
5,1480,13,13,4.26266,26.6657,46.0115,13.8392,0
5,1480,14,14,5.0364,10.4571,44.0484,51.9419,0
5,1480,15,15,23.1455,15.0679,8.03152,4.8388,0
5,1480,16,16,4.37592,11.5398,22.3468,40.1378,0
5,1480,17,17,4.2275,21.3527,2.17471,0.0170533,0
5,1480,18,18,0.493211,10.4554,11.7538,8.21507,0
5,1480,19,19,11.7022,18.3614,7.99436,0.200375,0
5,1480,20,20,6.43166,31.9942,18.3846,17.7576,0
5,1480,21,21,6.51164,19.0062,2.52826,6.08024,0
5,1480,22,22,2.71816,33.7948,2.99853,36.5019,0
5,1480,23,23,27.2094,12.7,22.7292,53.9691,0
5,1480,24,24,45.0988,16.8875,26.0683,371.208,0
5,1480,25,25,1.30101,9.33059,8.79795,23.8243,0
5,1480,26,26,9.18335,14.3614,7.12592,28.3343,0
5,1480,27,27,65.6966,39.0575,38.5359,47.8548,0
5,1480,28,28,9.10293,12.1272,1.38362,19.0644,0
5,1480,29,29,22.1068,20.4356,35.0016,0.0936124,0
5,1480,30,30,9.32432,14.5392,34.1839,23.088,0
5,1480,31,31,3.15725,10.6956,2.2489,83.8344,0
5,1480,32,32,30.0856,15.014,155.545,6.2386,0
5,1480,33,33,8.31899,16.9823,15.273,33.8371,0
5,1480,34,34,10.0492,14.4367,5.93409,223.721,0
5,1480,35,35,88.5646,8.3091,184.906,21.321,0
5,1480,36,36,3.82653,9.06999,15.7439,1.20578,0
5,1480,37,37,30.2027,54.7363,15.3244,7.1993,0
5,1480,38,38,204.486,92.8913,48.9821,12.611,0
5,1480,39,39,4.95323,14.2038,6.47881,7.25612,0
5,1480,40,40,14.5934,8.42934,3.36265,0.412561,0
5,1480,41,41,25.8319,19.7011,38.787,15.2622,0
5,1480,42,42,3.5624,5.44736,58.991,19.2647,0
5,1480,43,43,15.1855,14.1652,22.9989,61.8791,0
5,1480,44,44,23.2599,17.499,53.6959,41.1313,0
5,1480,45,45,110.645,19.7746,8.46046,117.791,0
5,1480,46,46,16.6653,33.1415,60.2165,26.7324,0
5,1480,47,47,9.12401,12.5698,0.860504,26.865,0
5,1480,48,48,12.1285,16.5892,1.64407,58.9794,0
5,1480,49,49,0.875115,12.9913,30.7982,83.5216,0
5,1480,50,50,8.77627,25.6674,143.934,2.57525,0
5,1480,51,51,7.52275,29.8383,16.4624,13.959,0
5,1480,52,52,24.1367,65.0589,13.5165,3.19479,0
5,1480,53,53,4.36111,27.6712,23.9116,12.9778,0
5,1480,54,54,34.4469,19.2635,20.0575,14.4598,0
5,1480,55,55,4.44436,4.26028,99.8641,0.270866,0
5,1480,56,56,22.8868,22.3271,68.2265,6.51292,0
5,1480,57,57,29.2144,12.583,36.5242,107.131,0
5,1480,58,58,52.5839,20.8394,54.8197,19.1854,0
5,1480,59,59,2.03417,14.4,52.2572,2.93511,0
5,1480,60,60,8.5126,13.9448,52.1974,19.5091,0
5,1480,61,61,6.56008,24.5647,32.2317,950.261,0
5,1480,62,62,33.2546,25.0493,38.6755,8.95237,0
5,1480,63,63,0.802664,19.967,16.4362,24.1466,0
5,1480,64,64,12.8164,30.0539,86.9427,0.112821,0
5,1480,65,65,8.84273,12.943,139.031,26.917,0
5,1480,66,66,0.14656,10.0641,77.9394,58.0362,0
5,1480,67,67,0.151223,24.9286,63.8425,16.4416,0
5,1480,68,68,8.46126,16.8587,27.7013,24.2822,0
5,1480,69,69,9.80267,8.27933,115.625,39.8391,0
5,1480,70,70,9.77716,9.58893,23.522,7.25185,0
5,1480,71,71,8.19715,16.9929,66.6246,2.31465,0
5,1480,72,72,11.277,14.3083,27.0141,0.923959,0
5,1480,73,73,3.36325,18.9102,24.3614,84.2285,0
5,1480,74,74,6.35272,12.2615,18.3658,4.93163,0
5,1480,75,75,14.5088,10.3299,10.999,1.91869,0
5,1480,76,76,5.19523,19.0272,66.5823,11.0839,0
5,1480,77,77,43.3902,31.2334,15.1221,0.450802,0
5,1480,78,78,61.287,56.9274,75.7773,34.3722,0
5,1480,79,79,3.62125,25.1522,141.104,2.20763,0
5,1480,80,80,16.7693,38.4061,16.9347,2.43784,0
5,1480,81,81,13.2152,9.39628,21.4624,2.61335,0
5,1480,82,82,51.9747,35.9496,13.8015,56.884,0
5,1480,83,83,4.95897,5.94645,30.414,22.5864,0
5,1480,84,84,11.6467,20.3628,31.0979,35.2346,0
5,1480,85,85,58.137,15.7456,23.8713,57.288,0
5,1480,86,86,11.8354,14.5746,15.4383,7.72725,0
5,1480,87,87,17.9946,20.3483,48.0906,6.86707,0
5,1480,88,88,28.7952,30.9011,17.5183,14.9374,0
5,1480,89,89,11.0295,15.0831,18.0856,60.673,0
5,1480,90,90,14.1574,16.4393,5.51915,69.2833,0
5,1480,91,91,7.37191,6.17859,40.3064,2.0024,0
5,1480,92,92,18.1681,16.7973,24.1493,73.3115,0
5,1480,93,93,11.8006,8.74831,16.6477,3.7582,0
5,1480,94,94,11.4423,9.73316,3.49764,13.8281,0
5,1480,95,95,16.4001,11.5979,4.06713,22.5518,0
5,1480,96,96,5.6724,9.4681,165.267,0.267737,0
5,1480,97,97,3.03191,19.6197,3.76918,2.02523,0
5,1480,98,98,3.42035,21.3149,16.522,47.7625,0
5,1480,99,99,14.8577,17.3012,1.46673,124.154,0
5,1480,100,100,20.8377,17.9984,16.9162,9.78089,0
5,1480,101,101,9.1559,22.2849,16.525,11.0313,0
5,1480,102,102,5.04485,14.5093,15.9153,3.28738,0
5,1480,103,103,12.1829,7.25977,27.1652,4.15933,0
5,1480,104,104,2.53303,15.9852,56.6148,14.1806,0
5,1480,105,105,10.5153,12.1434,45.5664,2.91624,0
5,1480,106,106,22.9252,16.4579,13.3195,3.03616,0
5,1480,107,107,9.99103,20.5785,23.3409,95.7089,0
5,1480,108,108,1.44014,10.6744,8.6962,16.7057,0
5,1480,109,109,25.758,9.1552,9.26161,0.00335545,0
5,1480,110,110,2.37015,32.0245,2.22545,296.151,0
5,1480,111,111,5.46481,19.026,17.7371,2.3405,0
5,1480,112,112,7.96677,13.1776,36.4468,5.3797,0
5,1480,113,113,1.28086,33.1092,45.6015,0.76441,0
5,1480,114,114,9.40109,12.7782,20.9988,154.869,0
5,1480,115,115,13.8588,11.7263,24.5324,0.294944,0
5,1480,116,116,1.93258,11.7354,52.6129,20.7593,0
5,1480,117,117,4.25497,32.619,16.6364,0.566579,0
5,1480,118,118,9.28747,16.9084,29.8487,0.139528,0
5,1480,119,119,35.4926,20.4547,19.1421,10.4413,0
5,1480,120,120,0.0950027,8.10408,15.655,0.341193,0
5,1480,121,121,1.10864,8.27793,8.36362,1.95648,0
5,1480,122,122,19.1726,16.0234,3.81591,4.26176,0
5,1480,123,123,8.29063,32.8892,66.3357,30.9983,0
5,1480,124,124,12.113,25.8561,33.6661,37.3051,0
5,1480,125,125,4.62857,6.8727,54.2256,29.7548,0
5,1480,126,126,11.5515,20.5768,9.88018,28.8094,0
5,1480,127,127,16.9784,13.3589,46.5495,29.4375,0
5,1480,128,128,42.4846,15.7465,64.5947,55.4678,0
5,1480,129,129,23.7758,30.7574,9.9007,108.675,0
5,1480,130,130,43.786,42.1968,6.83612,6.04514,0
5,1480,131,131,8.82293,11.1723,5.88937,29.8687,0
5,1480,132,132,19.4076,10.1888,23.6633,234.364,0
5,1480,133,133,5.72019,13.5583,6.22271,12.9478,0
5,1480,134,134,17.3997,8.99879,0.00273542,7.09121,0
5,1480,135,135,7.40827,17.1294,9.88077,11.4232,0
5,1480,136,136,76.0709,21.4149,34.6636,26.7278,0
5,1480,137,137,2.41955,20.85,57.8957,18.2162,0
5,1480,138,138,19.008,18.9916,44.1755,6.50541,0
5,1480,139,139,6.94789,15.6884,8.20441,90.1195,0
5,1480,140,140,66.6899,21.6817,69.6339,441.137,0
5,1480,141,141,13.1647,13.6397,11.4075,3.57571,0
5,1480,142,142,6.86293,9.12093,28.923,6.61934,0
5,1480,143,143,5.7613,12.795,79.7766,88.0863,0
5,1480,144,144,3.96726,31.4938,24.6374,0.0310809,0
5,1480,145,145,8.22484,36.789,113.933,26.3814,0
5,1480,146,146,9.24721,18.5532,25.8387,56.3588,0
5,1480,147,147,32.3654,33.932,0.185703,5.14447,0
5,1480,148,148,22.9813,12.3885,15.5396,18.7842,0
5,1480,149,149,5.8582,28.4843,78.2619,42.9745,0
5,1480,150,150,0.368082,18.0867,53.6613,38.5745,0
5,1480,151,151,8.39761,7.85551,52.0574,10.7484,0
5,1480,152,152,16.2526,22.6694,30.1789,0.172711,0
5,1480,153,153,42.5699,11.3624,9.48588,44.464,0
5,1480,154,154,9.32669,11.7959,47.642,3.01068,0
5,1480,155,155,19.5985,17.8565,9.87887,1.41969,0
5,1480,156,156,4.56695,16.0025,29.2365,18.0575,0
5,1480,157,157,0.999155,7.55141,0.677978,50.1058,0
5,1480,158,158,59.0751,43.7058,16.72,14.4289,0
5,1480,159,159,6.49553,11.7907,11.5044,19.3641,0
5,1480,160,160,4.3576,5.50008,1.32216,109.613,0
5,1480,161,161,18.7705,25.3502,21.7855,64.6112,0
5,1480,162,162,10.3532,25.0955,11.4508,9.95243,0
5,1480,163,163,4.7786,20.9029,21.4019,11.0772,0
5,1480,164,164,26.6756,22.6418,9.51612,15.6039,0
5,1480,165,165,7.93452,12.6787,78.0422,45.1857,0
5,1480,166,166,3.88687,5.3987,10.4978,0.19808,0
5,1480,167,167,4.3936,23.0855,7.72973,29.1875,0
5,1480,168,168,20.1697,11.0038,48.3291,0.00782709,0
5,1480,169,169,3.92633,12.2072,50.3737,0.192069,0
5,1480,170,170,10.1084,41.3767,11.5293,0.788397,0
5,1480,171,171,6.17577,5.80061,30.5434,6.55537,0
5,1480,172,172,12.5028,10.6766,45.6678,106.833,0
5,1480,173,173,19.8807,15.333,66.146,5.4571,0
5,1480,174,174,7.50294,25.4434,12.5684,19.6191,0
5,1480,175,175,2.89185,15.7675,4.02384,25.2075,0
5,1480,176,176,27.5462,24.8264,10.6538,8.1122,0
5,1480,177,177,2.80121,10.7711,4.15679,5.66759,0
5,1480,178,178,12.1634,15.695,26.1761,40.653,0
5,1480,179,179,5.82261,22.5755,11.079,1.12974,0
5,1480,180,180,20.3143,7.09318,15.0798,10.7563,0
5,1480,181,181,19.8606,53.2615,6.70756,37.8186,0
5,1480,182,182,17.3568,19.0826,11.6873,23.3768,0
5,1480,183,183,1.56276,29.5952,22.4792,5.04304,0
5,1480,184,184,28.0495,57.3264,67.8754,54.6066,0
5,1480,185,185,16.3901,20.5433,4.00354,18.9567,0
5,1480,186,186,9.93578,16.3166,8.23085,3.80759,0
5,1480,187,187,7.89174,18.4983,17.4497,1.70485,0
5,1480,188,188,14.3016,10.0715,2.44126,3.26215,0
5,1480,189,189,39.5155,24.3279,6.32118,103.305,0
5,1480,190,190,6.26017,18.9345,119.868,7.28441,0
5,1480,191,191,3.83137,7.55716,26.7288,1.37643,0
5,1480,192,192,16.8262,8.55104,9.01439,96.123,0
5,1480,193,193,3.74694,7.4298,5.61527,8.2784,0
5,1480,194,194,37.8112,76.6788,6.05998,61.4712,0
5,1480,195,195,8.11387,14.9384,11.8718,48.5003,0
5,1480,196,196,17.2736,9.9109,11.6192,60.7745,0
5,1480,197,197,6.66973,18.3438,5.28532,6.0152,0
5,1480,198,198,13.5747,7.60035,13.4439,21.2763,0
5,1480,base,base,0.154335,0.524732,0.00183091,0.0272337,0
6,1543,0,0,4.81494,21.3006,15.8218,10.2436,0
6,1543,1,1,33.4877,38.2032,29.6134,82.1945,0
6,1543,2,2,18.1655,17.2908,15.8176,45.931,0
6,1543,3,3,6.52482,7.92543,13.1375,6.98224,0
6,1543,4,4,7.43542,22.5497,53.7205,13.317,0
6,1543,5,5,13.7943,11.5362,9.02928,18.023,0
6,1543,6,6,5.04674,13.475,43.832,75.0501,0
6,1543,7,7,13.3646,19.9836,27.5232,87.8631,0
6,1543,8,8,27.2007,19.9112,61.2361,79.3028,0
6,1543,9,9,6.33211,13.2231,52.8428,0.91832,0
6,1543,10,10,43.3399,75.4801,48.7473,1.56378,0
6,1543,11,11,5.05757,16.7974,28.8965,9.22023,0
6,1543,12,12,8.48027,10.9711,15.945,14.433,0
6,1543,13,13,4.26266,26.6657,46.0115,13.8392,0
6,1543,14,14,5.0364,10.4571,44.0484,51.9419,0
6,1543,15,15,23.1455,15.0679,8.03152,4.8388,0
6,1543,16,16,4.37592,11.5398,22.3468,40.1378,0
6,1543,17,17,4.2275,21.3527,2.17471,0.0170533,0
6,1543,18,18,0.493211,10.4554,11.7538,8.21507,0
6,1543,19,19,11.7022,18.3614,7.99436,0.200375,0
6,1543,20,20,6.43166,31.9942,18.3846,17.7576,0
6,1543,21,21,6.51164,19.0062,2.52826,6.08024,0
6,1543,22,22,2.71816,33.7948,2.99853,36.5019,0
6,1543,23,23,27.2094,12.7,22.7292,53.9691,0
6,1543,24,24,45.0988,16.8875,26.0683,371.208,0
6,1543,25,25,1.30101,9.33059,8.79795,23.8243,0
6,1543,26,26,9.18335,14.3614,7.12592,28.3343,0
6,1543,27,27,65.6966,39.0575,38.5359,47.8548,0
6,1543,28,28,9.10293,12.1272,1.38362,19.0644,0
6,1543,29,29,22.1068,20.4356,35.0016,0.0936124,0
6,1543,30,30,9.32432,14.5392,34.1839,23.088,0
6,1543,31,31,3.15725,10.6956,2.2489,83.8344,0
6,1543,32,32,30.0856,15.014,155.545,6.2386,0
6,1543,33,33,8.31899,16.9823,15.273,33.8371,0
6,1543,34,34,10.0492,14.4367,5.93409,223.721,0
6,1543,35,35,88.5646,8.3091,184.906,21.321,0
6,1543,36,36,3.82653,9.06999,15.7439,1.20578,0
6,1543,37,37,30.2027,54.7363,15.3244,7.1993,0
6,1543,38,38,204.486,92.8913,48.9821,12.611,0
6,1543,39,39,4.95323,14.2038,6.47881,7.25612,0
6,1543,40,40,14.5934,8.42934,3.36265,0.412561,0
6,1543,41,41,25.8319,19.7011,38.787,15.2622,0
6,1543,42,42,3.5624,5.44736,58.991,19.2647,0
6,1543,43,43,15.1855,14.1652,22.9989,61.8791,0
6,1543,44,44,23.2599,17.499,53.6959,41.1313,0
6,1543,45,45,110.645,19.7746,8.46046,117.791,0
6,1543,46,46,16.6653,33.1415,60.2165,26.7324,0
6,1543,47,47,9.12401,12.5698,0.860504,26.865,0
6,1543,48,48,12.1285,16.5892,1.64407,58.9794,0
6,1543,49,49,0.875115,12.9913,30.7982,83.5216,0
6,1543,50,50,8.77627,25.6674,143.934,2.57525,0
6,1543,51,51,7.52275,29.8383,16.4624,13.959,0
6,1543,52,52,24.1367,65.0589,13.5165,3.19479,0
6,1543,53,53,4.36111,27.6712,23.9116,12.9778,0
6,1543,54,54,34.4469,19.2635,20.0575,14.4598,0
6,1543,55,55,4.44436,4.26028,99.8641,0.270866,0
6,1543,56,56,22.8868,22.3271,68.2265,6.51292,0
6,1543,57,57,29.2144,12.583,36.5242,107.131,0
6,1543,58,58,52.5839,20.8394,54.8197,19.1854,0
6,1543,59,59,2.03417,14.4,52.2572,2.93511,0
6,1543,60,60,8.5126,13.9448,52.1974,19.5091,0
6,1543,61,61,6.56008,24.5647,32.2317,950.261,0
6,1543,62,62,33.2546,25.0493,38.6755,8.95237,0
6,1543,63,63,0.802664,19.967,16.4362,24.1466,0
6,1543,64,64,12.8164,30.0539,86.9427,0.112821,0
6,1543,65,65,8.84273,12.943,139.031,26.917,0
6,1543,66,66,0.14656,10.0641,77.9394,58.0362,0
6,1543,67,67,0.151223,24.9286,63.8425,16.4416,0
6,1543,68,68,8.46126,16.8587,27.7013,24.2822,0
6,1543,69,69,9.80267,8.27933,115.625,39.8391,0
6,1543,70,70,9.77716,9.58893,23.522,7.25185,0
6,1543,71,71,8.19715,16.9929,66.6246,2.31465,0
6,1543,72,72,11.277,14.3083,27.0141,0.923959,0
6,1543,73,73,3.36325,18.9102,24.3614,84.2285,0
6,1543,74,74,6.35272,12.2615,18.3658,4.93163,0
6,1543,75,75,14.5088,10.3299,10.999,1.91869,0
6,1543,76,76,5.19523,19.0272,66.5823,11.0839,0
6,1543,77,77,43.3902,31.2334,15.1221,0.450802,0
6,1543,78,78,61.287,56.9274,75.7773,34.3722,0
6,1543,79,79,3.62125,25.1522,141.104,2.20763,0
6,1543,80,80,16.7693,38.4061,16.9347,2.43784,0
6,1543,81,81,13.2152,9.39628,21.4624,2.61335,0
6,1543,82,82,51.9747,35.9496,13.8015,56.884,0
6,1543,83,83,4.95897,5.94645,30.414,22.5864,0
6,1543,84,84,11.6467,20.3628,31.0979,35.2346,0
6,1543,85,85,58.137,15.7456,23.8713,57.288,0
6,1543,86,86,11.8354,14.5746,15.4383,7.72725,0
6,1543,87,87,17.9946,20.3483,48.0906,6.86707,0
6,1543,88,88,23.3653,32.5726,17.1181,6.89546,0
6,1543,89,89,11.0295,15.0831,18.0856,60.673,0
6,1543,90,90,14.1574,16.4393,5.51915,69.2833,0
6,1543,91,91,7.37191,6.17859,40.3064,2.0024,0
6,1543,92,92,18.1681,16.7973,24.1493,73.3115,0
6,1543,93,93,11.8006,8.74831,16.6477,3.7582,0
6,1543,94,94,11.4423,9.73316,3.49764,13.8281,0
6,1543,95,95,16.4001,11.5979,4.06713,22.5518,0
6,1543,96,96,5.6724,9.4681,165.267,0.267737,0
6,1543,97,97,3.03191,19.6197,3.76918,2.02523,0
6,1543,98,98,3.42035,21.3149,16.522,47.7625,0
6,1543,99,99,13.0574,17.6482,1.47776,120.566,0
6,1543,100,100,20.8377,17.9984,16.9162,9.78089,0
6,1543,101,101,9.1559,22.2849,16.525,11.0313,0
6,1543,102,102,5.04485,14.5093,15.9153,3.28738,0
6,1543,103,103,12.1829,7.25977,27.1652,4.15933,0
6,1543,104,104,2.53303,15.9852,56.6148,14.1806,0
6,1543,105,105,10.5153,12.1434,45.5664,2.91624,0
6,1543,106,106,22.9252,16.4579,13.3195,3.03616,0
6,1543,107,107,9.99103,20.5785,23.3409,95.7089,0
6,1543,108,108,1.44014,10.6744,8.6962,16.7057,0
6,1543,109,109,25.758,9.1552,9.26161,0.00335545,0
6,1543,110,110,2.37015,32.0245,2.22545,296.151,0
6,1543,111,111,5.46481,19.026,17.7371,2.3405,0
6,1543,112,112,7.96677,13.1776,36.4468,5.3797,0
6,1543,113,113,1.28086,33.1092,45.6015,0.76441,0
6,1543,114,114,9.40109,12.7782,20.9988,154.869,0
6,1543,115,115,13.8588,11.7263,24.5324,0.294944,0
6,1543,116,116,1.93258,11.7354,52.6129,20.7593,0
6,1543,117,117,4.25497,32.619,16.6364,0.566579,0
6,1543,118,118,9.28747,16.9084,29.8487,0.139528,0
6,1543,119,119,35.4926,20.4547,19.1421,10.4413,0
6,1543,120,120,0.0950027,8.10408,15.655,0.341193,0
6,1543,121,121,1.10864,8.27793,8.36362,1.95648,0
6,1543,122,122,19.1726,16.0234,3.81591,4.26176,0
6,1543,123,123,8.29063,32.8892,66.3357,30.9983,0
6,1543,124,124,12.113,25.8561,33.6661,37.3051,0
6,1543,125,125,4.62857,6.8727,54.2256,29.7548,0
6,1543,126,126,11.5515,20.5768,9.88018,28.8094,0
6,1543,127,127,16.9784,13.3589,46.5495,29.4375,0
6,1543,128,128,42.4846,15.7465,64.5947,55.4678,0
6,1543,129,129,23.7758,30.7574,9.9007,108.675,0
6,1543,130,130,43.786,42.1968,6.83612,6.04514,0
6,1543,131,131,8.82293,11.1723,5.88937,29.8687,0
6,1543,132,132,19.4076,10.1888,23.6633,234.364,0
6,1543,133,133,5.72019,13.5583,6.22271,12.9478,0
6,1543,134,134,17.3997,8.99879,0.00273542,7.09121,0
6,1543,135,135,7.40827,17.1294,9.88077,11.4232,0
6,1543,136,136,76.0709,21.4149,34.6636,26.7278,0
6,1543,137,137,2.41955,20.85,57.8957,18.2162,0
6,1543,138,138,19.008,18.9916,44.1755,6.50541,0
6,1543,139,139,6.94789,15.6884,8.20441,90.1195,0
6,1543,140,140,66.6899,21.6817,69.6339,441.137,0
6,1543,141,141,13.1647,13.6397,11.4075,3.57571,0
6,1543,142,142,6.54194,8.8913,28.6927,4.80962,0
6,1543,143,143,5.7613,12.795,79.7766,88.0863,0
6,1543,144,144,3.96726,31.4938,24.6374,0.0310809,0
6,1543,145,145,8.22484,36.789,113.933,26.3814,0
6,1543,146,146,8.83679,20.177,27.3327,53.1105,0
6,1543,147,147,32.3654,33.932,0.185703,5.14447,0
6,1543,148,148,22.9813,12.3885,15.5396,18.7842,0
6,1543,149,149,5.8582,28.4843,78.2619,42.9745,0
6,1543,150,150,0.368082,18.0867,53.6613,38.5745,0
6,1543,151,151,8.39761,7.85551,52.0574,10.7484,0
6,1543,152,152,16.2526,22.6694,30.1789,0.172711,0
6,1543,153,153,42.5699,11.3624,9.48588,44.464,0
6,1543,154,154,9.32669,11.7959,47.642,3.01068,0
6,1543,155,155,19.5985,17.8565,9.87887,1.41969,0
6,1543,156,156,4.56695,16.0025,29.2365,18.0575,0
6,1543,157,157,0.999155,7.55141,0.677978,50.1058,0
6,1543,158,158,59.0751,43.7058,16.72,14.4289,0
6,1543,159,159,6.49553,11.7907,11.5044,19.3641,0
6,1543,160,160,4.3576,5.50008,1.32216,109.613,0
6,1543,161,161,18.7705,25.3502,21.7855,64.6112,0
6,1543,162,162,10.3532,25.0955,11.4508,9.95243,0
6,1543,163,163,4.7786,20.9029,21.4019,11.0772,0
6,1543,164,164,26.6756,22.6418,9.51612,15.6039,0
6,1543,165,165,7.93452,12.6787,78.0422,45.1857,0
6,1543,166,166,3.88687,5.3987,10.4978,0.19808,0
6,1543,167,167,4.3936,23.0855,7.72973,29.1875,0
6,1543,168,168,20.1697,11.0038,48.3291,0.00782709,0
6,1543,169,169,3.92633,12.2072,50.3737,0.192069,0
6,1543,170,170,10.1084,41.3767,11.5293,0.788397,0
6,1543,171,171,6.17577,5.80061,30.5434,6.55537,0
6,1543,172,172,12.5028,10.6766,45.6678,106.833,0
6,1543,173,173,19.8807,15.333,66.146,5.4571,0
6,1543,174,174,7.50294,25.4434,12.5684,19.6191,0
6,1543,175,175,2.89185,15.7675,4.02384,25.2075,0
6,1543,176,176,27.5462,24.8264,10.6538,8.1122,0
6,1543,177,177,2.80121,10.7711,4.15679,5.66759,0
6,1543,178,178,12.1634,15.695,26.1761,40.653,0
6,1543,179,179,5.82261,22.5755,11.079,1.12974,0
6,1543,180,180,20.3143,7.09318,15.0798,10.7563,0
6,1543,181,181,19.8606,53.2615,6.70756,37.8186,0
6,1543,182,182,17.3568,19.0826,11.6873,23.3768,0
6,1543,183,183,1.56276,29.5952,22.4792,5.04304,0
6,1543,184,184,28.0495,57.3264,67.8754,54.6066,0
6,1543,185,185,16.3901,20.5433,4.00354,18.9567,0
6,1543,186,186,9.93578,16.3166,8.23085,3.80759,0
6,1543,187,187,7.89174,18.4983,17.4497,1.70485,0
6,1543,188,188,14.3016,10.0715,2.44126,3.26215,0
6,1543,189,189,39.5155,24.3279,6.32118,103.305,0
6,1543,190,190,6.67243,19.1293,117.983,6.76837,0
6,1543,191,191,3.83137,7.55716,26.7288,1.37643,0
6,1543,192,192,16.8262,8.55104,9.01439,96.123,0
6,1543,193,193,3.74694,7.4298,5.61527,8.2784,0
6,1543,194,194,34.8406,73.9227,12.4908,62.1549,0
6,1543,195,195,8.11387,14.9384,11.8718,48.5003,0
6,1543,196,196,17.2736,9.9109,11.6192,60.7745,0
6,1543,197,197,6.66973,18.3438,5.28532,6.0152,0
6,1543,198,198,13.5747,7.60035,13.4439,21.2763,0
6,1543,base,base,0.153722,0.511778,0.00227381,0.0133367,0
7,1799,0,0,5.10715,20.9583,16.6217,11.0671,0
7,1799,1,1,29.2119,36.274,31.1001,54.4844,0
7,1799,2,2,17.5103,17.1013,15.2178,49.3375,0
7,1799,3,3,7.517,7.97518,12.5768,12.0668,0
7,1799,4,4,7.31376,22.549,53.3078,14.4512,0
7,1799,5,5,12.9183,11.2263,9.25878,17.3821,0
7,1799,6,6,4.73057,13.5466,43.5861,75.757,0
7,1799,7,7,13.1416,19.464,28.2196,88.8642,0
7,1799,8,8,25.0116,20.0769,61.7468,72.7093,0
7,1799,9,9,5.68107,13.2814,51.5509,0.134325,0
7,1799,10,10,46.8542,84.8781,49.6963,1.9588,0
7,1799,11,11,5.00243,16.6046,30.5626,8.71791,0
7,1799,12,12,7.90943,10.8069,16.4944,14.4696,0
7,1799,13,13,3.907,26.1992,44.9053,12.8086,0
7,1799,14,14,4.70903,10.0389,44.5852,53.5276,0
7,1799,15,15,22.9479,15.1708,9.63531,3.89615,0
7,1799,16,16,4.3178,11.4995,21.2139,38.8107,0
7,1799,17,17,3.35862,21.0999,2.93773,0.22591,0
7,1799,18,18,0.507841,10.0796,11.6811,6.54049,0
7,1799,19,19,12.0648,17.9621,8.54851,0.000203656,0
7,1799,20,20,4.80436,30.7459,19.5488,22.1318,0
7,1799,21,21,6.48337,18.9594,3.01641,5.78873,0
7,1799,22,22,2.33801,32.4613,2.71298,38.0445,0
7,1799,23,23,23.5555,12.622,25.0504,59.5549,0
7,1799,24,24,23.7902,12.7081,21.5272,219.85,0
7,1799,25,25,1.58118,8.96577,9.74324,21.2391,0
7,1799,26,26,8.99259,15.0769,8.03418,28.0597,0
7,1799,27,27,54.6309,36.2544,36.0787,66.7722,0
7,1799,28,28,8.6024,12.073,1.18564,17.5851,0
7,1799,29,29,22.0716,20.9781,35.8998,0.0603208,0
7,1799,30,30,8.53341,14.1977,33.5579,24.8289,0
7,1799,31,31,1.0353,11.8628,4.07695,95.1745,0
7,1799,32,32,28.4322,15.1152,159.464,1.49825,0
7,1799,33,33,8.00683,16.4312,14.4796,32.1756,0
7,1799,34,34,7.83671,14.4756,6.74631,211.185,0
7,1799,35,35,83.6541,8.13113,170.455,29.0485,0
7,1799,36,36,3.73623,8.74916,17.1875,0.791139,0
7,1799,37,37,21.5993,53.464,12.7829,6.19752,0
7,1799,38,38,191.328,84.4098,44.0254,15.2319,0
7,1799,39,39,4.90914,13.7591,7.12066,6.54945,0
7,1799,40,40,15.026,8.19347,3.34489,0.3279,0
7,1799,41,41,22.6169,10.2029,23.2844,14.9556,0
7,1799,42,42,3.86492,5.79251,54.8479,24.0723,0
7,1799,43,43,15.5696,14.4371,24.1972,57.3074,0
7,1799,44,44,21.4531,17.0046,52.012,39.8209,0
7,1799,45,45,112.315,21.118,9.7025,87.1082,0
7,1799,46,46,16.5652,33.9897,49.6546,22.1041,0
7,1799,47,47,9.21716,12.0644,0.84598,23.859,0
7,1799,48,48,6.63015,14.4377,0.395606,58.8509,0
7,1799,49,49,1.04791,12.7347,32.672,87.8729,0
7,1799,50,50,8.0652,25.3132,149.309,1.17107,0
7,1799,51,51,7.03875,29.2379,14.5932,14.8884,0
7,1799,52,52,23.5104,65.6266,12.7263,5.47134,0
7,1799,53,53,5.71016,27.5633,28.5991,21.8611,0
7,1799,54,54,33.371,18.6214,21.4802,16.0831,0
7,1799,55,55,4.53609,4.19946,101.23,0.0856238,0
7,1799,56,56,22.3167,22.2047,69.8584,7.73287,0
7,1799,57,57,27.0442,12.2624,34.4357,93.9655,0
7,1799,58,58,34.3088,15.1217,53.5965,15.0072,0
7,1799,59,59,1.88516,14.222,50.3625,2.15523,0
7,1799,60,60,6.20617,14.4539,47.2517,13.0432,0
7,1799,61,61,6.98461,18.0573,37.9906,337.774,0
7,1799,62,62,28.9327,25.1543,38.5191,7.60741,0
7,1799,63,63,0.809207,19.7166,17.0493,24.6086,0
7,1799,64,64,12.5174,30.1255,90.6072,0.358153,0
7,1799,65,65,8.79917,11.9852,129.171,18.1227,0
7,1799,66,66,0.172358,9.79373,76.3353,57.6739,0
7,1799,67,67,0.158936,24.6238,63.374,17.6577,0
7,1799,68,68,8.42172,16.2743,27.9812,23.1762,0
7,1799,69,69,8.45557,8.09502,111.12,42.8001,0
7,1799,70,70,8.70848,9.46267,21.542,6.88612,0
7,1799,71,71,8.39784,16.4808,62.3792,1.90477,0
7,1799,72,72,11.7454,14.4634,31.6786,1.39416,0
7,1799,73,73,3.79868,18.5283,24.0212,79.1179,0
7,1799,74,74,5.6783,12.5195,19.3058,4.03311,0
7,1799,75,75,13.1873,9.93356,11.6536,1.88824,0
7,1799,76,76,6.08325,17.0594,50.6351,16.0904,0
7,1799,77,77,43.8442,31.7847,16.3311,0.393893,0
7,1799,78,78,57.5279,55.6321,67.5118,36.7014,0
7,1799,79,79,3.75962,25.1846,146.802,3.55474,0
7,1799,80,80,13.8977,36.3183,18.6996,2.82118,0
7,1799,81,81,11.0739,10.3277,20.2857,4.47083,0
7,1799,82,82,51.3375,35.569,11.208,55.7498,0
7,1799,83,83,4.65788,5.69167,29.4391,19.1883,0
7,1799,84,84,11.9589,19.6558,30.9781,33.4862,0
7,1799,85,85,50.0334,15.6729,20.9073,59.8446,0
7,1799,86,86,11.8624,13.9592,15.9103,8.67166,0
7,1799,87,87,17.3597,20.0769,47.1255,6.47529,0
7,1799,88,88,21.3603,34.338,17.0789,3.13988,0
7,1799,89,89,11.529,15.3304,17.2569,57.7796,0
7,1799,90,90,12.6008,16.1343,6.19449,72.4359,0
7,1799,91,91,7.28726,6.06987,39.9248,1.83282,0
7,1799,92,92,17.8952,17.6652,23.0056,67.02,0
7,1799,93,93,10.9112,8.36049,17.1208,3.36554,0
7,1799,94,94,10.9647,9.61628,4.23974,14.7225,0
7,1799,95,95,15.9141,11.4592,3.6233,15.7359,0
7,1799,96,96,4.36879,7.69362,147.312,15.1264,0
7,1799,97,97,2.61594,19.5187,3.66932,2.32216,0
7,1799,98,98,2.82322,19.9676,21.0199,51.0957,0
7,1799,99,99,11.4467,18.1623,1.57583,118.492,0
7,1799,100,100,21.9663,17.9264,15.3214,1.18533,0
7,1799,101,101,8.70509,22.2644,14.7933,11.2779,0
7,1799,102,102,4.58435,14.3294,17.308,4.03688,0
7,1799,103,103,11.8666,6.9013,24.7932,0.131234,0
7,1799,104,104,2.57818,15.2013,54.8688,13.6571,0
7,1799,105,105,8.1683,11.8043,44.8939,2.11745,0
7,1799,106,106,20.3754,15.8717,13.7434,3.30677,0
7,1799,107,107,7.38249,19.4518,24.5205,93.9688,0
7,1799,108,108,1.45416,10.2375,10.0246,20.8122,0
7,1799,109,109,23.3454,8.39795,9.44638,0.0522807,0
7,1799,110,110,1.8751,31.6328,2.41537,286.901,0
7,1799,111,111,4.70783,17.9183,20.7482,4.26737,0
7,1799,112,112,9.05394,13.2724,37.4352,5.7676,0
7,1799,113,113,1.97447,32.0227,42.1506,0.565372,0
7,1799,114,114,12.727,13.4824,22.4904,149.98,0
7,1799,115,115,14.086,11.1075,25.5172,0.477357,0
7,1799,116,116,1.90901,11.2871,53.3131,19.1591,0
7,1799,117,117,5.39575,31.3079,18.7437,2.31138,0
7,1799,118,118,9.04215,16.4006,30.9446,0.399641,0
7,1799,119,119,35.1875,22.3183,19.2999,4.41722,0
7,1799,120,120,0.0784538,7.52406,15.3632,2.42605,0
7,1799,121,121,1.11961,8.06999,8.46517,2.542,0
7,1799,122,122,19.4069,16.6336,4.16085,2.90475,0
7,1799,123,123,8.71837,33.2471,72.8788,55.2632,0
7,1799,124,124,11.5799,25.7342,34.7324,39.9826,0
7,1799,125,125,4.92744,6.14659,45.2617,46.1599,0
7,1799,126,126,11.2748,19.8442,9.70648,28.2385,0
7,1799,127,127,18.9051,13.2077,50.1694,30.8146,0
7,1799,128,128,40.5352,15.4333,63.7043,56.0404,0
7,1799,129,129,24.7474,28.902,8.60345,91.0757,0
7,1799,130,130,12.2444,17.2377,9.83777,28.1222,0
7,1799,131,131,5.84273,10.783,7.25656,22.6055,0
7,1799,132,132,23.1018,15.1155,27.0274,146.831,0
7,1799,133,133,4.21129,11.7086,5.88483,29.6864,0
7,1799,134,134,17.3449,8.82145,0.000419888,7.32454,0
7,1799,135,135,9.65365,16.9011,11.9118,9.19796,0
7,1799,136,136,73.5443,21.2648,34.9111,29.1031,0
7,1799,137,137,2.25528,21.6678,58.4492,17.2396,0
7,1799,138,138,19.1361,19.7038,44.8127,2.18854,0
7,1799,139,139,6.50327,15.6908,9.58332,95.1004,0
7,1799,140,140,64.7874,17.8357,130.041,147.876,0
7,1799,141,141,12.8921,13.7771,11.8314,3.90966,0
7,1799,142,142,6.17861,8.61573,28.6656,3.83169,0
7,1799,143,143,5.2926,11.9958,78.6283,88.3599,0
7,1799,144,144,5.44622,29.8529,21.8125,0.757901,0
7,1799,145,145,8.93801,37.8623,118.449,25.4725,0
7,1799,146,146,8.25565,21.8924,28.9631,51.4576,0
7,1799,147,147,73.1034,72.8862,0.376801,4.00612,0
7,1799,148,148,22.7255,14.1419,17.4893,14.9691,0
7,1799,149,149,2.54838,26.6352,89.0059,17.0461,0
7,1799,150,150,0.153415,17.3313,57.4272,36.8391,0
7,1799,151,151,8.37081,7.68766,52.0442,10.4866,0
7,1799,152,152,17.4463,24.0336,31.2198,0.166896,0
7,1799,153,153,42.4278,11.5188,8.87313,41.4449,0
7,1799,154,154,55.5782,48.738,46.9465,8.63417,0
7,1799,155,155,17.3355,17.8493,10.5089,0.767737,0
7,1799,156,156,4.02366,15.7842,33.0635,13.9064,0
7,1799,157,157,1.32174,8.61231,1.13445,56.8241,0
7,1799,158,158,12.6528,23.3263,30.718,11.7215,0
7,1799,159,159,6.08729,11.7679,12.1218,24.0658,0
7,1799,160,160,4.56812,5.15175,1.27345,109.304,0
7,1799,161,161,20.6436,27.5784,21.1871,63.6948,0
7,1799,162,162,10.8593,24.1791,11.533,8.32728,0
7,1799,163,163,4.2258,20.5972,23.4968,15.2572,0
7,1799,164,164,26.9096,22.1513,10.4363,11.1703,0
7,1799,165,165,8.17722,12.463,83.5186,49.4053,0
7,1799,166,166,3.88104,5.15632,10.5797,0.5892,0
7,1799,167,167,4.65305,22.7692,8.99485,30.658,0
7,1799,168,168,20.011,10.6439,49.2501,0.00675876,0
7,1799,169,169,3.71083,11.7976,51.5765,0.44084,0
7,1799,170,170,9.53945,42.6754,11.8762,0.431876,0
7,1799,171,171,6.09967,5.84038,30.9796,6.6026,0
7,1799,172,172,29.0107,17.3442,34.0991,111.776,0
7,1799,173,173,18.7147,14.6507,65.8815,5.09707,0
7,1799,174,174,7.26709,25.1984,13.1836,17.892,0
7,1799,175,175,2.60489,15.6979,3.49051,21.7414,0
7,1799,176,176,26.4136,23.3379,10.4452,10.9765,0
7,1799,177,177,2.72531,10.8906,4.42833,5.06358,0
7,1799,178,178,10.7677,15.1404,25.266,41.0917,0
7,1799,179,179,5.98692,22.3543,10.692,1.20348,0
7,1799,180,180,19.7393,7.12504,13.1155,11.9199,0
7,1799,181,181,13.9359,48.4239,8.39569,34.4975,0
7,1799,182,182,17.9087,18.8475,11.8152,26.1888,0
7,1799,183,183,1.3992,28.9547,21.8064,1.76172,0
7,1799,184,184,27.0973,57.2824,73.0452,52.823,0
7,1799,185,185,15.9459,20.1192,3.98088,16.3739,0
7,1799,186,186,9.75904,15.9025,8.42352,4.52773,0
7,1799,187,187,9.21844,18.7087,17.7698,0.642173,0
7,1799,188,188,15.976,10.7003,1.78418,3.55626,0
7,1799,189,189,37.6997,22.7674,5.67581,96.641,0
7,1799,190,190,7.32861,19.1528,116.398,6.41207,0
7,1799,191,191,3.57552,7.3564,26.0139,1.56659,0
7,1799,192,192,16.0352,8.46847,8.61759,89.6017,0
7,1799,193,193,3.28222,9.16313,5.34148,0.0422423,0
7,1799,194,194,28.8307,68.9388,17.0331,68.4692,0
7,1799,195,195,7.53974,15.1836,11.8947,45.2763,0
7,1799,196,196,17.6512,9.49402,12.733,11.8672,0
7,1799,197,197,7.40483,16.2983,7.05211,7.59671,0
7,1799,198,198,12.8507,6.92339,13.4563,19.3152,0
7,1799,base,base,0.156906,0.494759,0.00316381,0.00660922,0
