real_name,h1-3892_1,h1-1664_1,h1-162_1,h3-3521_1,h3-3988_1,h3-3417_1,h3-3829_1,h3-3357_1,h3-3594_1,h3-3892_1,h3-1152_1,h3-313_1,h3-209_1,h3-331_1,h3-707_1,h3-3956_1,h3-2270_1,h3-521_1,trib_1,total_1,dh3892_1,p-trib_1,p-total_1
0,89.7113,84.6415,85.3936,94.754,94.8499,91.5358,90.0218,88.4921,89.0154,89.7199,84.7669,98.4535,90.8559,88.2873,86.6495,87.5804,84.5345,85.6713,-8629.24,-10174.4,0.111332,0,0
1,89.7347,84.7133,85.3396,94.9618,94.8155,91.4562,90.1463,88.3913,88.9321,89.6047,84.806,98.5332,90.9239,88.2535,86.63,87.4343,84.5957,85.8024,-7279.09,-11530.4,0.116197,0,0
2,89.8828,84.7771,85.5706,94.7325,94.8347,91.7631,90.2303,88.2866,89.0932,89.7298,85.0102,98.3176,90.8837,88.2169,86.3623,87.5783,84.7302,85.7623,-9337.86,-11032.5,0.119591,0,0
3,89.8154,84.7335,85.6084,95.0193,94.7142,91.5802,90.1896,88.3341,89.0318,89.7665,84.7369,98.4495,90.7507,88.4469,86.6666,87.3964,84.5796,85.5897,-8965.21,-10443.1,0.098099,0,0
4,89.8983,84.4678,85.4805,94.8707,94.8607,91.6275,89.9888,88.3167,89.1408,89.8501,85.0266,98.5533,90.6744,88.2798,86.5601,87.6716,84.7216,85.4814,-9861.25,-11433.5,0.0987838,0,0
5,89.841,84.587,85.5556,94.6631,94.7349,91.7567,89.9936,88.182,89.1738,89.7033,84.859,98.6095,90.7894,88.2068,86.5654,87.3805,84.5477,85.7378,-8527.36,-12205.8,0.110931,0,0
6,89.8294,84.5508,85.5961,94.7993,94.6085,91.5252,90.1562,88.2447,89.0831,89.6706,84.8084,98.4272,90.679,88.0704,86.487,87.6074,84.4969,85.8325,-7733.47,-9723.37,0.0859589,0,0
7,89.8737,84.7423,85.5201,94.8244,94.8213,91.694,90.0052,88.3159,89.3207,89.8841,84.6554,98.4632,90.7855,88.3238,86.5317,87.5071,84.5027,85.7594,-7230.48,-12103.9,0.0846573,0,0
8,89.8373,84.6049,85.5438,94.8488,95.1352,91.6178,90.0471,88.2564,88.9439,89.72,84.871,98.4231,90.9542,88.2018,86.4807,87.5273,84.5677,85.6563,-6775.57,-10735.1,0.0876507,0,0
9,89.895,84.6581,85.3999,94.8669,94.8788,91.7618,90.0575,88.1954,89.002,89.725,84.751,98.3705,90.6136,88.2759,86.5371,87.511,84.5742,85.832,-7877.04,-9490.98,0.106746,0,0
10,89.9014,84.7576,85.5488,95.0317,94.7494,91.6584,90.1996,88.2482,89.1688,89.6467,84.8953,98.3674,90.8347,88.2156,86.607,87.326,84.6013,85.6557,-10343.5,-8993.08,0.109627,0,0
11,89.7829,84.6178,85.4493,94.8703,94.9399,91.6864,90.2081,88.4357,89.3745,89.8543,84.7545,98.457,90.8688,88.1855,86.4968,87.559,84.5188,85.7109,-7342.34,-10730,0.0996623,0,0
12,89.8991,84.6344,85.3384,94.9979,94.9364,91.6487,90.0126,88.2114,89.0923,89.834,84.735,98.2615,90.7925,88.3713,86.5122,87.5933,84.4786,85.6972,-8301.43,-10124.6,0.111733,0,0
13,89.7751,84.8133,85.3851,94.9684,94.7702,91.536,90.1184,88.3127,89.2071,89.545,84.7233,98.3868,90.8234,88.2182,86.5055,87.5197,84.5368,85.6475,-7649.72,-9814.07,0.0978825,0,0
14,89.8926,84.526,85.3742,94.8063,94.8748,91.5992,90.1236,88.4818,89.2444,89.7073,84.6522,98.3938,90.8048,88.1399,86.4534,87.4471,84.7397,85.7803,-9300.84,-12465.5,0.120475,0,0
15,89.8662,84.6204,85.7707,94.8935,94.8826,91.6455,90.165,88.3397,88.9543,89.7527,84.8954,98.713,90.7056,88.2312,86.6807,87.5581,84.5251,85.7791,-8408.65,-10142.8,0.101077,0,0
16,89.8072,84.6155,85.4801,94.8868,94.7704,91.5044,90.021,88.2265,88.9921,89.8119,84.848,98.537,90.9471,88.3107,86.6116,87.2899,84.5614,85.6113,-8360.02,-12474.4,0.11633,0,0
17,89.8648,84.6736,85.4167,94.8273,94.7665,91.5697,89.9564,88.3528,89.1503,89.7128,84.7898,98.4922,90.7238,88.0352,86.5783,87.5597,84.5774,85.4651,-8187.99,-10735.6,0.110698,0,0
18,89.9172,84.5804,85.4785,94.8751,94.8128,91.672,89.9883,88.11,88.9418,89.6361,84.8336,98.4834,90.9004,88.2494,86.3796,87.5562,84.6458,85.7857,-8031.88,-10490,0.101011,0,0
19,89.7707,84.6077,85.7161,94.985,94.85,91.7359,90.0092,88.2092,89.0244,89.7577,84.8752,98.3951,90.8393,88.1312,86.5799,87.5427,84.6239,85.6817,-8157.03,-11725,0.107055,0,0
20,89.853,84.6793,85.3675,95.0125,94.8345,91.6962,90.0553,88.3644,89.0313,89.6445,84.9314,98.2185,90.7976,88.3127,86.5182,87.5822,84.6824,85.7639,-9219.21,-10585.3,0.1149,0,0
21,89.8324,84.5683,85.3972,94.603,94.8134,91.4836,90.1728,88.1132,89.0438,89.7949,84.7214,98.385,90.8658,87.9661,86.538,87.6817,84.7482,85.6725,-8737.35,-10677,0.0993715,0,0
22,89.9302,84.7227,85.5011,94.8143,94.998,91.6426,90.1637,88.2453,89.0953,89.7128,84.4984,98.4019,90.7758,88.4747,86.5892,87.6429,84.5171,85.467,-8167.99,-11662,0.0904971,0,0
23,89.9851,84.629,85.3297,94.8736,94.7829,91.6766,90.045,88.2326,89.1009,89.7332,85.0943,98.5278,90.7799,88.1497,86.5681,87.3602,84.5568,85.609,-7461.33,-10643.7,0.0831796,0,0
24,89.8325,84.7535,85.4156,94.8246,94.5712,91.6007,90.04,88.3293,89.1767,89.8475,84.8042,98.4617,90.8059,88.3281,86.6969,87.3784,84.6871,85.7215,-9133.44,-11671.5,0.0913586,0,0
25,89.9148,84.6306,85.5015,94.8595,94.7857,91.8078,90.025,88.2947,89.023,89.8996,84.8745,98.4693,90.9118,88.3625,86.4303,87.4322,84.7604,85.8158,-8164.69,-10392.8,0.0962394,0,0
26,89.8906,84.4792,85.3967,94.7448,94.7544,91.6028,90.0556,88.3247,89.0851,89.769,84.5866,98.48,90.6921,88.2611,86.3728,87.6154,84.3857,85.599,-7912.51,-11184,0.112813,0,0
27,89.7965,84.6251,85.3295,94.8574,94.8293,91.6671,90.0287,88.3702,89.1041,89.5739,84.8154,98.5024,90.8026,88.2546,86.6406,87.4121,84.5856,85.8084,-8489.27,-9354.21,0.113072,0,0
28,89.8951,84.7179,85.6378,94.8681,94.8867,91.5717,90.0546,88.3614,89.1016,89.7983,84.7899,98.2419,90.7601,88.1703,86.5382,87.5154,84.6598,85.7162,-8581.92,-11224.1,0.0966762,0,0
29,89.6686,84.8529,85.489,94.8174,94.8268,91.6209,90.0687,88.1903,89.091,89.8678,84.8206,98.3362,90.476,88.0774,86.4257,87.5546,84.3812,85.5616,-9630.76,-10913,0.104664,0,0
30,89.9034,84.5979,85.564,94.8964,94.8675,91.5676,90.0637,88.3286,89.0073,89.7596,84.9476,98.4615,90.9946,88.3663,86.5123,87.569,84.486,85.5229,-7382.9,-11793.5,0.112669,0,0
31,89.802,84.6317,85.4596,94.7798,94.7302,91.5839,90.0376,88.1733,89.1193,89.7267,84.8548,98.3073,90.9427,88.3641,86.5617,87.3569,84.5425,85.6278,-8173.86,-10744.9,0.0831937,0,0
32,89.8106,84.5842,85.5428,94.7899,94.728,91.5759,89.9808,88.2384,89.2169,89.9109,84.7734,98.5306,90.7181,88.1438,86.6181,87.3671,84.4357,85.7157,-5986.1,-12367,0.108273,0,0
33,89.8369,84.6194,85.3707,94.8195,94.8225,91.6731,90.0144,88.3165,89.0932,89.7574,84.8378,98.4204,90.7437,88.3186,86.6488,87.5372,84.6782,85.4904,-7781.62,-11043.7,0.114562,0,0
34,89.7398,84.6865,85.3752,94.8387,94.803,91.6162,90.1579,88.3548,89.0705,89.6407,84.8295,98.3639,90.9624,88.1803,86.3903,87.4278,84.4098,85.6975,-7635.86,-11545.5,0.127465,0,0
35,89.6964,84.428,85.5308,94.9042,94.8082,91.7131,89.8291,88.3275,89.1101,89.8199,84.6989,98.6469,90.8213,88.3679,86.5872,87.4449,84.4172,85.785,-6140.68,-13629.4,0.102814,0,0
36,89.8773,84.6323,85.4534,94.7418,95.0015,91.7639,90.1027,88.4066,88.9685,89.852,84.7851,98.4185,90.6431,88.5447,86.4582,87.5239,84.715,85.654,-8199.16,-10249.8,0.104071,0,0
37,89.7774,84.5939,85.4652,94.8196,94.9676,91.4631,90.0446,88.3984,89.1215,89.7132,84.8255,98.4705,90.8386,88.1755,86.5313,87.2839,84.6002,85.7187,-7422.6,-12613.6,0.091725,0,0
38,89.8347,84.6172,85.556,94.8025,94.86,91.7705,90.2999,88.1047,89.0499,89.5793,84.7952,98.3412,90.7283,88.3494,86.4018,87.5579,84.6458,85.6294,-10332.9,-8839.76,0.113328,0,0
39,89.788,84.6844,85.5568,94.7726,94.8792,91.4496,90.1568,88.4359,89.068,89.737,84.8435,98.4223,90.7975,88.2888,86.4249,87.4131,84.6368,85.5927,-8626.31,-10312.4,0.100719,0,0
40,89.8265,84.8512,85.6735,94.8838,94.6514,91.7483,90.1018,88.2781,89.1455,89.5408,84.8928,98.458,90.729,88.3772,86.5334,87.4255,84.4745,85.6845,-8379.86,-11695.5,0.104821,0,0
41,89.8071,84.7857,85.2677,94.8208,94.8776,91.5834,90.2837,88.1768,89.0426,89.7191,84.7448,98.4413,90.7089,88.4563,86.6932,87.3912,84.7313,85.711,-9076.71,-11995.5,0.0982256,0,0
42,89.8504,84.6743,85.5423,94.9112,94.7972,91.6427,90.1151,88.2841,89.0281,89.6623,84.808,98.4876,90.9951,88.1199,86.6623,87.4157,84.6289,85.5598,-7926.85,-13028,0.113393,0,0
43,89.9389,84.8688,85.5986,94.7386,94.9841,91.8266,89.9153,88.479,89.1806,89.7896,84.8096,98.3565,90.8323,88.2454,86.4939,87.6277,84.5118,85.7843,-9137.55,-11803.9,0.0927636,0,0
44,89.7439,84.598,85.4073,94.8244,94.788,91.5599,90.0886,88.5296,89.0875,89.6642,84.7485,98.5239,90.9153,88.4702,86.5892,87.6698,84.6631,85.7592,-7324.66,-12838.1,0.116534,0,0
45,89.9716,84.5583,85.763,94.8256,94.7368,91.6384,90.0328,88.3738,89.0063,89.7671,84.6113,98.4707,90.6128,88.1307,86.4706,87.3631,84.6928,85.798,-8299.75,-10421.6,0.100083,0,0
46,89.9259,84.6891,85.5952,94.8557,95.0101,91.7587,90.1937,88.4571,88.9702,89.707,84.9012,98.5209,90.8376,88.3897,86.6566,87.5675,84.6558,85.6557,-8351.93,-13258.9,0.106653,0,0
47,89.9366,84.6433,85.6854,95.0533,94.7876,91.5997,90.0286,88.2544,88.9201,89.7743,84.8421,98.4242,90.7418,88.2406,86.4655,87.3107,84.6048,85.6901,-8376.32,-10966.5,0.113138,0,0
48,89.7659,84.6411,85.5215,94.978,94.8929,91.56,90.1292,88.3266,89.0033,89.725,84.7727,98.5674,90.8127,88.3464,86.5742,87.3684,84.7381,85.8202,-7956.25,-10984.1,0.0903031,0,0
49,89.8958,84.6413,85.5298,94.7973,94.7452,91.8176,90.0065,88.3027,89.11,89.7414,84.6851,98.5231,90.9961,88.136,86.4768,87.7239,84.5164,85.7273,-9500.56,-11312,0.0894879,0,0
50,89.6451,84.835,85.4369,94.6696,94.7657,91.5278,90.0127,88.4642,89.0375,89.6919,84.8027,98.3755,90.6761,88.3613,86.6098,87.6033,84.5789,85.5908,-9630.4,-14015.2,0.10042,0,0
51,89.7069,84.6564,85.5619,94.9561,94.834,91.6298,90.2442,88.3998,89.1589,89.6331,84.9135,98.4521,90.814,88.2162,86.5249,87.5752,84.5388,85.585,-9172.72,-11517.2,0.111165,0,0
52,89.7318,84.5608,85.6764,94.9249,94.7423,91.5098,89.9979,88.3578,88.9975,89.8363,84.7002,98.3225,90.8613,88.3303,86.6023,87.4886,84.6109,85.6706,-8122.71,-12293,0.108945,0,0
53,89.7651,84.6275,85.4275,94.7438,94.9616,91.6433,90.2266,88.3138,89.1292,89.6351,84.6901,98.5637,90.8517,88.3763,86.4409,87.4986,84.5918,85.6549,-7510.99,-12462.8,0.112699,0,0
54,90.1706,84.8163,85.6714,95.0189,94.6925,91.8771,90.054,88.5237,89.231,89.7246,84.7393,98.5119,90.7724,88.3954,86.5781,87.3383,84.5932,85.7328,-9259.47,-11607,0.110742,0,0
55,89.9343,84.6463,85.4562,94.8827,94.8697,91.7559,90.0073,88.3748,89.1144,89.7049,84.9751,98.4518,90.9038,88.1557,86.4155,87.5702,84.4647,85.6716,-9487.9,-13212.1,0.103169,0,0
56,89.743,84.5398,85.3946,94.8229,94.9625,91.618,90.0334,88.2113,89.0397,89.6562,84.7348,98.402,90.6009,88.3728,86.6464,87.4885,84.5073,85.6793,-6960.96,-9977.72,0.109961,0,0
57,89.8799,84.731,85.2652,94.897,95.1123,91.7004,90.1812,88.3585,89.2069,89.881,84.827,98.347,90.7836,88.2571,86.6474,87.5464,84.5975,85.5551,-9338.52,-11958.3,0.0872966,0,0
58,89.7124,84.6552,85.6722,94.757,94.7397,91.4992,90.0059,88.2018,89.0774,89.8585,84.8322,98.368,90.5832,88.2084,86.4146,87.4188,84.6192,85.6135,-8248.42,-9051.75,0.116478,0,0
59,89.8081,84.6886,85.4738,95.0748,94.8766,91.8265,90.1014,88.4175,89.0678,89.7443,84.7804,98.4593,90.9753,88.3169,86.6467,87.5946,84.5927,85.7207,-8476.94,-13113.4,0.0996853,0,0
60,89.7984,84.6505,85.3619,94.7404,94.9601,91.6707,89.9934,88.3033,89.0946,89.5343,84.8891,98.4662,90.8332,88.343,86.2652,87.4925,84.6928,85.7842,-7607.75,-9836.17,0.101241,0,0
61,89.7647,84.6166,85.6389,94.8567,94.8024,91.6549,90.102,88.3689,89.1692,89.7369,84.9225,98.4431,90.7229,88.3743,86.5418,87.6225,84.6933,85.7397,-7382.14,-11408.6,0.0765917,0,0
62,89.9715,84.6623,85.6292,94.8572,94.8175,91.6106,90.0222,88.1974,88.9165,89.8203,84.7621,98.3874,90.721,88.2978,86.4917,87.5781,84.6982,85.6321,-7000.9,-11635,0.106611,0,0
63,89.8589,84.6111,85.4964,94.9162,94.8614,91.6879,90.1352,88.2376,88.9798,89.7685,84.8261,98.5269,90.8896,88.3936,86.4378,87.4761,84.4738,85.5179,-7721.76,-10590.5,0.116114,0,0
64,89.8483,84.5819,85.4814,94.8162,94.6759,91.72,90.0657,88.3818,88.9136,89.7746,84.8605,98.4171,90.9156,88.113,86.5942,87.5468,84.672,85.666,-6356,-11770.9,0.104441,0,0
65,89.7881,84.51,85.3792,94.6271,94.8604,91.7054,90.0049,88.4965,88.9674,89.8795,84.6155,98.5485,90.8963,88.4328,86.4386,87.5233,84.4996,85.7145,-10073.1,-13007.3,0.098566,0,0
66,89.8171,84.6897,85.4288,94.8652,94.8102,91.6446,90.1254,88.2091,89.2854,89.7848,84.8953,98.4119,90.901,88.2155,86.7278,87.5826,84.4934,85.7507,-8886.92,-13362.3,0.0881772,0,0
67,89.9021,84.6755,85.4819,95.0658,94.7064,91.8113,90.1129,88.2935,89.0527,89.6422,84.7213,98.3037,90.716,88.3841,86.6474,87.4407,84.5048,85.6884,-7219.76,-10020.7,0.0946721,0,0
68,89.7143,84.6398,85.4851,94.8539,94.703,91.8106,90.0638,88.3099,89.0406,89.5404,84.6392,98.5235,90.7769,88.2241,86.4591,87.5313,84.6376,85.8247,-7331.67,-11451.1,0.113055,0,0
69,89.9246,84.7708,85.5493,94.8432,94.821,91.5603,90.0602,88.47,89.0044,89.8489,84.8127,98.5636,90.7788,88.126,86.6302,87.4294,84.4989,85.5724,-8598.8,-13956.3,0.114089,0,0
70,89.8697,84.5425,85.455,94.8067,94.9686,91.5689,90.213,88.2802,89.1409,89.6512,85.0192,98.3114,90.9346,88.2483,86.6514,87.2045,84.543,85.5987,-8447.51,-12500,0.106237,0,0
71,89.6867,84.599,85.4729,94.7204,94.7091,91.6768,90.0564,88.4547,88.9421,89.6258,84.7915,98.3551,90.8382,88.1181,86.4488,87.6298,84.483,85.7435,-7483.56,-13129.4,0.105805,0,0
72,89.9035,84.6518,85.4132,94.6329,94.8168,91.5307,89.9761,88.3086,89.1019,89.8752,84.974,98.347,90.716,88.3709,86.5207,87.4851,84.6163,85.6233,-9489.28,-11381,0.107153,0,0
73,89.6915,84.8015,85.4307,94.9067,94.9603,91.6316,90.1355,88.3033,89.1721,89.6028,84.8102,98.5063,90.7377,88.4228,86.5506,87.4574,84.6321,85.8057,-7505.72,-10913.1,0.0851315,0,0
74,89.894,84.654,85.5921,94.7487,94.8312,91.7063,90.1326,88.289,89.0765,89.8594,84.7578,98.4961,90.6852,88.1851,86.4654,87.4861,84.4698,85.441,-8589.62,-9666.41,0.101918,0,0
75,89.7066,84.6519,85.3914,94.7994,94.7466,91.7365,89.9382,88.3492,89.0743,89.7267,84.7715,98.3972,90.8997,88.2882,86.3645,87.4666,84.7626,85.7155,-7739.96,-11159.3,0.103426,0,0
76,89.6279,84.6276,85.4891,94.9407,95.0139,91.5063,90.1752,88.2235,89.0751,89.663,84.6913,98.4801,90.7349,88.1767,86.4889,87.4544,84.4529,85.6885,-8204.16,-13008.6,0.109969,0,0
77,89.7944,84.8307,85.5892,94.9232,94.8774,91.5688,90.1581,88.1639,89.0359,89.7327,84.7541,98.4861,90.8631,88.3828,86.4746,87.6461,84.3931,85.5767,-9329.92,-10009.1,0.103548,0,0
78,89.7464,84.5873,85.3309,94.959,94.9652,91.5634,89.9927,88.2341,89.1404,89.6047,84.7057,98.5543,90.7792,88.1064,86.5805,87.4746,84.607,85.6822,-10068.5,-11500.6,0.0927474,0,0
79,89.8319,84.6732,85.5198,94.824,94.7688,91.5345,89.9865,88.2518,89.0777,89.7604,84.8756,98.5098,90.8136,88.2375,86.4819,87.3471,84.8023,85.7472,-7465.08,-8128.95,0.111462,0,0
80,89.8078,84.4963,85.4395,94.9388,94.7637,91.6109,89.9081,88.3137,89.0424,89.6912,84.9224,98.5008,90.785,88.3268,86.5633,87.2851,84.6515,85.701,-8425.28,-9633.23,0.113502,0,0
81,89.7721,84.6736,85.648,94.7849,94.9178,91.677,90.0057,88.3988,89.1062,89.7526,84.9346,98.2501,90.6381,88.1733,86.4857,87.6202,84.5918,85.6923,-8746.74,-12178.8,0.093516,0,0
82,90.0596,84.6018,85.4953,94.6957,94.8019,91.5075,90.1969,88.2569,88.9318,89.7206,84.8297,98.3881,91.0697,88.2455,86.4531,87.6522,84.6382,85.6201,-8046.99,-12362.6,0.118266,0,0
83,89.6899,84.7378,85.4828,94.833,94.8999,91.6001,90.1147,88.2753,89.1946,89.7953,84.9326,98.4795,90.8059,88.353,86.5044,87.5745,84.6418,85.7723,-7314.33,-12164.7,0.111049,0,0
84,89.6953,84.8747,85.5961,95.0225,94.9807,91.6034,90.0571,88.2435,89.0672,89.898,84.8391,98.3494,90.7435,88.2625,86.4359,87.3913,84.4919,85.7021,-9358.52,-11422.5,0.092354,0,0
85,89.8958,84.7459,85.5045,94.8044,94.7797,91.5399,90.2306,88.378,89.0414,89.7693,84.7972,98.5241,90.8358,87.9968,86.6316,87.5879,84.4771,85.7347,-8238.09,-12908.7,0.109716,0,0
86,89.9004,84.4933,85.4878,94.7821,94.768,91.6738,90.1291,88.3398,89.2325,89.7926,84.705,98.5155,90.7173,88.287,86.6296,87.5245,84.7433,85.727,-9109.65,-11519.5,0.0983827,0,0
87,89.8839,84.7278,85.3572,94.9542,94.7761,91.7452,90.0129,88.3174,88.9995,89.6876,84.7585,98.3711,90.6933,88.2135,86.43,87.3861,84.599,85.7042,-9898.28,-10884.6,0.100203,0,0
88,89.767,84.8478,85.4846,94.9418,94.831,91.6349,90.09,88.3501,89.0416,89.5689,84.8677,98.4038,90.836,88.3091,86.7243,87.587,84.756,85.7633,-8230.57,-9954.2,0.10868,0,0
89,89.8282,84.5673,85.477,94.9538,94.9523,91.5924,90.1198,88.4565,89.1678,89.7566,84.7253,98.4076,90.6405,88.2781,86.744,87.359,84.5769,85.7114,-9084.8,-11434.7,0.0903297,0,0
90,89.8624,84.7022,85.7212,94.869,94.8253,91.7468,90.0964,88.4234,89.013,89.6754,84.7735,98.4467,90.8144,88.1863,86.465,87.5832,84.5147,85.6024,-8609.83,-10682,0.0843536,0,0
91,89.923,84.6533,85.5563,94.6516,94.7775,91.4975,90.1426,88.4171,89.0427,89.6847,84.6489,98.3062,90.6575,88.268,86.5362,87.4155,84.5642,85.6489,-9612.51,-11051.2,0.104557,0,0
92,89.943,84.8113,85.5958,94.9667,94.9442,91.3517,89.9688,88.4087,89.2475,89.8603,84.8936,98.3521,90.8721,88.2666,86.5145,87.5538,84.546,85.7062,-9170.66,-12030.9,0.0931735,0,0
93,89.655,84.6586,85.5139,94.8368,94.8457,91.6983,90.0491,88.2989,89.0038,89.7075,84.8499,98.471,90.859,88.3072,86.4663,87.4816,84.6415,85.6314,-7723.32,-10665.3,0.107548,0,0
94,89.7867,84.642,85.5952,94.9955,94.9087,91.8062,90.052,88.192,89.0761,89.8505,84.8376,98.5259,90.7946,88.077,86.5267,87.5865,84.5617,85.7578,-8457.35,-10619.9,0.112917,0,0
95,89.8315,84.6291,85.5296,94.8673,94.5596,91.687,90.0408,88.2474,89.2623,89.6343,84.8128,98.3592,91.0027,88.2647,86.5591,87.4177,84.6076,85.6776,-7870.01,-11714.8,0.098751,0,0
96,89.7271,84.7323,85.5257,94.8902,94.7886,91.6109,90.019,88.2593,89.1603,89.7853,84.8854,98.4026,90.8793,88.4073,86.5433,87.5025,84.3677,85.6384,-9954.84,-13077.1,0.117541,0,0
97,89.8589,84.6946,85.5205,94.8222,94.6788,91.5473,90.1003,88.3846,89.0826,89.896,84.8335,98.4232,90.9365,88.2334,86.5943,87.6129,84.6431,85.583,-8412.48,-11884.9,0.0982086,0,0
98,89.8428,84.6046,85.4263,94.8557,94.8338,91.6109,90.1918,88.3007,89.0874,89.5372,84.9001,98.4425,90.8957,88.4383,86.3187,87.3569,84.7646,85.5862,-8977.66,-11989.6,0.0896378,0,0
99,89.8193,84.7249,85.4346,94.9481,94.9508,91.4748,90.096,88.2413,89.0838,89.752,84.9085,98.4086,90.7903,88.3495,86.4528,87.3498,84.6622,85.7116,-8837.63,-10933.3,0.0862426,0,0
100,89.8865,84.6493,85.2341,94.9375,94.6751,91.5742,89.924,88.3012,89.0826,89.6897,85.0101,98.6065,90.7458,88.3966,86.4417,87.3052,84.4818,85.668,-9051.77,-10791.5,0.102959,0,0
101,89.9546,84.7494,85.5044,95.0992,94.825,91.4509,90.2137,88.2471,89.1406,89.6373,84.7949,98.3992,90.766,88.1717,86.5096,87.499,84.6754,85.7003,-9286.37,-11032.2,0.111981,0,0
102,89.9056,84.7758,85.4906,94.6886,94.7998,91.444,90.1077,88.3948,89.0028,89.7618,84.6372,98.5692,90.8606,88.3236,86.5682,87.5203,84.6386,85.4467,-7957.81,-10300.8,0.10947,0,0
103,89.8529,84.5191,85.4977,94.9384,94.8198,91.707,89.9899,88.2706,88.9465,89.8327,84.9078,98.5143,90.8139,88.1633,86.5955,87.3992,84.4875,85.5545,-7692.03,-10549,0.098378,0,0
104,89.8331,84.6122,85.58,94.8073,94.809,91.7316,90.1623,88.1902,89.1523,89.5293,84.7893,98.555,90.8094,88.3057,86.52,87.3065,84.6125,85.631,-7367.93,-10125.5,0.0965035,0,0
105,89.9138,84.6101,85.4628,94.9995,94.9626,91.5307,90.1249,88.3967,89.1444,89.8854,84.8395,98.3026,90.7797,88.2939,86.5867,87.3678,84.6458,85.6031,-7495.57,-12774.4,0.102941,0,0
106,89.8479,84.6919,85.4913,94.8674,94.7985,91.5006,90.0707,88.3295,89.0815,89.822,84.8675,98.4613,90.7761,88.1321,86.4462,87.5753,84.4319,85.7268,-9150.57,-10037.8,0.108638,0,0
107,89.8493,84.5875,85.5273,94.8936,94.7794,91.6925,90.0538,88.3556,89.2309,89.6902,84.7666,98.477,90.9392,88.3035,86.453,87.3765,84.4841,85.7298,-9063.37,-9862.73,0.0894183,0,0
108,89.8787,84.8229,85.4457,94.9084,94.7389,91.6806,90.1511,88.4103,89.1759,89.7288,84.9057,98.4404,90.7698,88.3386,86.6063,87.3185,84.5795,85.6386,-7911.17,-12103.2,0.0925042,0,0
109,89.7295,84.7893,85.5101,94.935,94.7707,91.6074,90.0644,88.2178,89.1522,89.8556,84.884,98.386,91.0133,88.2345,86.5685,87.3944,84.5085,85.7005,-8846.09,-10354.5,0.105638,0,0
110,89.8315,84.7488,85.4151,94.6909,94.7575,91.5918,90.252,88.3413,89.192,89.8157,84.7083,98.5261,90.8299,88.2556,86.627,87.5647,84.6324,85.7194,-8003.76,-11518.9,0.0788212,0,0
111,89.789,84.6038,85.554,95.0516,94.7708,91.6169,90.0976,88.0981,89.153,89.6772,84.738,98.5829,90.797,88.2258,86.5058,87.4844,84.5975,85.601,-8677.19,-12342.8,0.0994232,0,0
112,90.0833,84.6425,85.537,94.8485,94.8256,91.6261,90.1241,88.308,89.1542,89.8486,84.8374,98.2935,90.9252,88.3088,86.4313,87.3936,84.8337,85.6447,-7566.03,-10109.3,0.0998756,0,0
113,89.8525,84.5003,85.4024,94.9498,94.9101,91.4973,89.9113,88.103,89.1013,89.6218,84.8698,98.3893,90.653,88.3367,86.4617,87.5167,84.6406,85.8146,-8674.66,-12909,0.104309,0,0
114,89.7239,84.5011,85.5412,94.7718,94.8409,91.4381,89.8427,88.2375,89.0959,89.68,84.9512,98.2991,90.7786,88.3361,86.6041,87.5476,84.4536,85.649,-8768.24,-9440.83,0.083393,0,0
115,89.7786,84.6571,85.377,95.0041,94.9412,91.5192,90.0918,88.0428,88.9724,89.734,84.6789,98.3288,90.8215,88.3791,86.493,87.5035,84.7124,85.4891,-7536.77,-10635.3,0.102523,0,0
116,89.8607,84.7458,85.4631,94.8065,94.7452,91.6995,90.1487,88.3325,89.0229,89.6715,84.6403,98.4454,90.9109,88.2753,86.4207,87.5377,84.6761,85.4903,-7034.94,-11483.9,0.0957576,0,0
117,89.7436,84.6168,85.4121,95.0379,94.5502,91.6246,90.04,88.2875,88.9865,89.6537,84.8805,98.2617,90.8727,88.3556,86.6058,87.4574,84.4738,85.6915,-9073.58,-9620.39,0.112927,0,0
118,90.0622,84.6881,85.4493,94.8191,94.7849,91.5927,90.0119,88.217,89.0409,89.6993,84.85,98.6197,90.7683,88.2008,86.59,87.5154,84.4951,85.6734,-9439.8,-10185.2,0.0997063,0,0
119,89.7989,84.5994,85.2422,94.7478,94.9003,91.7683,90.0016,88.0415,89.1108,89.6154,84.7081,98.6248,90.9559,88.1741,86.5886,87.4987,84.5049,85.5394,-9048.59,-9779.66,0.104053,0,0
120,89.9344,84.6141,85.5239,94.7424,94.8157,91.5717,90.1046,88.2573,89.0411,89.5616,84.8764,98.4659,90.7716,88.3991,86.4584,87.345,84.6137,85.6701,-8814.53,-11840.9,0.0990961,0,0
121,89.7731,84.6369,85.5161,94.9665,94.7322,91.8769,90.1883,88.4925,89.0779,89.8227,84.7986,98.4981,90.8084,88.4211,86.4491,87.6895,84.6473,85.722,-8098.55,-10660.3,0.107165,0,0
122,89.9183,84.7795,85.5935,95.0141,95.0089,91.6556,90.0849,88.3678,89.1085,89.6801,84.904,98.5097,90.8832,88.4133,86.3577,87.4155,84.4282,85.6676,-7866.97,-11673.9,0.101581,0,0
123,89.94,84.7511,85.4852,94.9907,94.6274,91.5566,90.1714,88.3762,89.0033,89.7873,84.8694,98.5215,90.8007,88.298,86.5359,87.465,84.5476,85.6061,-6442.15,-11991.4,0.112016,0,0
124,89.9105,84.7859,85.3792,94.7573,94.8388,91.5883,89.8863,88.1338,88.9245,89.5243,84.8035,98.3804,90.6965,88.4151,86.4047,87.5201,84.5626,85.6314,-7770,-9860.38,0.0923641,0,0
125,89.8077,84.624,85.5385,94.935,94.6631,91.6956,90.2421,88.2752,89.2319,89.7526,84.8744,98.49,90.7597,88.378,86.5758,87.6145,84.4198,85.7918,-8052.7,-12868.1,0.115585,0,0
126,89.817,84.6387,85.5177,94.779,95.0326,91.5544,90.1201,88.3324,89.0304,89.7815,84.6983,98.4156,90.7691,88.3036,86.5824,87.6208,84.6546,85.7659,-7716.99,-11391.2,0.111452,0,0
127,89.708,84.3988,85.5589,94.8175,94.7489,91.7583,90.1642,88.4249,89.2104,89.7972,84.8483,98.369,90.9046,88.2151,86.4937,87.5366,84.7158,85.6582,-9279.74,-12690.3,0.104219,0,0
128,90.023,84.5222,85.4513,94.821,95.1577,91.4558,90.0733,88.3104,89.1168,89.6984,84.6247,98.3868,90.6238,88.2387,86.4957,87.4835,84.5236,85.7999,-6897.18,-12885.4,0.117927,0,0
129,90.0087,84.593,85.4523,94.7799,94.8408,91.5353,89.9455,88.2097,88.9496,89.8538,84.7991,98.4203,90.7785,88.2938,86.582,87.5622,84.5156,85.7657,-8100.93,-12157.5,0.0875794,0,0
130,89.9426,84.6636,85.6109,95.0383,94.7513,91.6217,90.1045,88.4275,89.2421,89.6985,84.9859,98.483,90.8599,88.3879,86.5099,87.5123,84.3462,85.7569,-7780.43,-11734.2,0.111672,0,0
131,89.8343,84.6256,85.4992,94.8546,94.7785,91.6785,90.1375,88.2997,89.0296,89.7558,84.8825,98.6057,90.8759,88.3159,86.5978,87.4351,84.4808,85.547,-8623.12,-11778,0.113941,0,0
132,90.0664,84.5295,85.3877,94.9035,94.8711,91.6771,89.9482,88.3781,89.0554,89.5802,84.5774,98.5637,90.6782,88.3624,86.3856,87.5776,84.4956,85.6674,-8153.28,-12177.1,0.102338,0,0
133,89.7776,84.6771,85.4301,94.8292,94.9717,91.7088,90.217,88.2686,89.0667,89.8755,85.0283,98.4949,90.7104,88.2561,86.4974,87.5811,84.5814,85.9303,-8306.06,-11763.5,0.117789,0,0
134,89.9272,84.4282,85.3494,94.877,94.9564,91.6154,90.06,88.22,88.9467,89.7883,84.7458,98.4883,90.7436,88.1702,86.4882,87.6503,84.6012,85.6517,-8530.75,-11047.4,0.0990448,0,0
135,89.835,84.5983,85.4833,94.7787,94.8506,91.6082,90.2443,88.2933,89.1847,89.7155,84.9203,98.4023,90.7476,88.334,86.525,87.4851,84.6739,85.6275,-8423.5,-12288.5,0.10156,0,0
136,89.6316,84.7111,85.7645,94.9703,94.9246,91.6943,90.1395,88.3371,89.0452,89.8861,84.6335,98.399,90.7798,88.2283,86.331,87.4886,84.4695,85.8071,-8955.96,-12605.2,0.117701,0,0
137,89.9766,84.6784,85.524,94.9066,94.6722,91.6256,89.9052,88.1852,89.1451,89.8273,84.6565,98.3912,90.8118,88.2317,86.4545,87.5644,84.6471,85.6684,-8193.67,-9079.9,0.0967116,0,0
138,89.7064,84.4985,85.4587,94.8966,94.8399,91.7418,90.168,88.3676,89.1479,89.7609,84.7098,98.3141,90.8281,88.3819,86.3618,87.5973,84.5091,85.8072,-7100.36,-12179.4,0.101601,0,0
139,89.8245,84.6972,85.4744,94.9493,94.8358,91.4712,90.004,88.5131,89.089,89.8373,84.62,98.4874,90.8286,88.3707,86.7178,87.5481,84.576,85.8437,-7730.24,-10987.7,0.123844,0,0
140,89.8021,84.6955,85.5579,94.7812,94.8663,91.6043,90.253,88.2779,89.0391,89.7155,84.7072,98.5601,90.7118,88.3086,86.5498,87.4759,84.5818,85.6349,-6997.53,-14620.8,0.0990291,0,0
141,90.0137,84.5975,85.4067,94.8819,94.8262,91.8141,90.0102,88.21,89.2143,89.7176,84.612,98.4522,90.7604,88.2334,86.3786,87.6702,84.4678,85.4872,-8775.4,-10416.9,0.11017,0,0
142,89.7656,84.9003,85.4918,94.9285,94.9366,91.5247,90.0449,88.2803,89.1438,89.8099,84.8283,98.4768,90.8179,88.3331,86.5903,87.3858,84.625,85.5851,-8280.27,-12773.3,0.106846,0,0
143,89.7384,84.6878,85.5045,94.6796,94.7631,91.753,90.0102,88.314,88.9821,89.7887,84.5464,98.4839,90.7501,88.2848,86.5755,87.4611,84.4434,85.7941,-9410.68,-12915.7,0.0870174,0,0
144,90.0182,84.6276,85.3101,94.8377,94.7638,91.5208,89.962,88.2549,89.1259,89.9582,84.6487,98.4735,90.8154,88.273,86.6317,87.5402,84.6501,85.6828,-8062.49,-12349.3,0.103374,0,0
145,90.0049,84.6086,85.4361,94.8914,94.9212,91.7266,90.1904,88.095,89.1613,89.8152,84.6554,98.6766,90.7396,88.356,86.4527,87.4771,84.5866,85.8504,-7884.23,-8112.02,0.103825,0,0
146,89.8496,84.6789,85.4728,94.9207,94.9154,91.5674,89.9979,88.3983,88.9384,89.7046,84.8765,98.36,90.8247,88.2141,86.4397,87.5703,84.813,85.6746,-9134.93,-9411.59,0.0950831,0,0
147,89.8589,84.6185,85.3968,94.818,94.8871,91.6628,90.0596,88.1821,89.1252,89.8326,84.875,98.5229,90.7257,88.4588,86.5095,87.5228,84.6649,85.8267,-8076.16,-11042.7,0.100699,0,0
148,89.9819,84.6056,85.5856,95.0169,94.8206,91.6403,90.2027,88.2957,89.2234,89.5201,84.6149,98.3517,90.8595,88.2354,86.5294,87.5022,84.4836,85.542,-9125.4,-10164.8,0.115339,0,0
149,89.9045,84.6328,85.4818,94.7582,95.0032,91.6158,90.1194,88.4553,89.0606,89.8248,84.5782,98.4752,90.5373,88.1953,86.5994,87.5752,84.6046,85.7332,-8840.12,-13919.3,0.10141,0,0
150,89.8369,84.6333,85.4656,94.9669,94.7447,91.7619,90.1214,88.3022,89.1536,89.8579,84.5419,98.4033,90.7428,88.1585,86.5727,87.5342,84.6468,85.6041,-7210.05,-10085.3,0.0939573,0,0
151,89.7562,84.5786,85.6184,94.8084,94.9323,91.5869,90.2128,88.1944,88.9147,89.7344,84.7569,98.4889,90.9729,88.1662,86.3885,87.4958,84.5987,85.5607,-7271.49,-10223.1,0.110206,0,0
152,89.7358,84.6588,85.317,94.8051,94.9935,91.7053,90.0374,88.3542,89.1544,89.787,84.7159,98.3313,90.6427,88.1909,86.4884,87.4303,84.4287,85.6077,-8474.88,-9484.29,0.102917,0,0
153,89.9623,84.7796,85.6544,94.8477,94.7925,91.5974,90.0245,88.3822,89.0482,89.7397,84.5726,98.5049,90.7275,88.2238,86.5354,87.5505,84.6261,85.599,-8764.81,-11909.2,0.0929813,0,0
154,89.8456,84.6575,85.5792,94.9108,94.9998,91.6696,90.0039,88.3832,89.0765,89.6403,84.818,98.4381,90.6611,88.2013,86.5027,87.4426,84.5641,85.6499,-7168.28,-12557.9,0.101222,0,0
155,90.0344,84.698,85.5179,94.8262,94.7234,91.6708,89.9394,88.318,89.1555,89.6877,84.8118,98.2978,90.5977,88.2251,86.6205,87.4168,84.6514,85.6992,-8812.06,-10237.7,0.105602,0,0
156,89.8713,84.755,85.4984,94.9003,94.8678,91.6128,90.2258,88.1474,89.0007,89.7447,84.6785,98.2946,90.7586,88.2733,86.5527,87.5208,84.5554,85.4922,-7198.63,-11063.9,0.110773,0,0
157,89.7627,84.7084,85.4765,94.8093,94.8095,91.6444,90.0462,88.2437,89.0531,89.6206,84.7204,98.4158,90.7913,88.3799,86.4336,87.551,84.3397,85.691,-8258.25,-10853.7,0.0888762,0,0
158,89.8532,84.5784,85.3904,94.8435,94.8145,91.514,90.0657,88.1417,88.9967,89.7119,84.6909,98.2952,90.7752,88.1015,86.565,87.4,84.5034,85.7563,-8148.35,-9764.51,0.112636,0,0
159,89.9433,84.6093,85.6427,94.9588,94.7178,91.7322,90.0496,88.3248,88.9543,89.7016,84.8141,98.3104,90.7288,88.2643,86.6441,87.2315,84.5259,85.7105,-8917.75,-10080.2,0.113009,0,0
160,89.6668,84.6784,85.4743,94.9691,94.8929,91.5909,90.0353,88.3661,89.2792,89.8676,84.6896,98.4282,90.7904,88.3098,86.3971,87.519,84.5933,85.6572,-8218.97,-11699,0.0803191,0,0
161,89.7406,84.6762,85.4415,94.8585,94.8614,91.6354,90.0913,88.236,89.0449,89.7279,84.7637,98.6437,90.9291,88.2656,86.3948,87.3964,84.6573,85.4823,-9327.37,-9784.02,0.0969562,0,0
162,89.839,84.7231,85.2943,94.819,94.9412,91.4705,90.3253,88.3398,89.0857,89.6373,84.7013,98.4955,90.9003,88.3025,86.4978,87.4471,84.7262,85.8994,-8698.19,-11983.3,0.107662,0,0
163,89.7438,84.7912,85.5093,94.9168,94.7926,91.6794,89.9754,88.0766,89.102,89.7065,85.0573,98.5121,90.7903,88.2857,86.4579,87.4191,84.7681,85.8054,-8936.08,-12097.5,0.109762,0,0
164,89.741,84.7663,85.4697,94.6234,94.8939,91.5522,90.2723,88.3295,89.1451,89.8493,84.799,98.4408,90.8006,88.202,86.5101,87.4862,84.4702,85.7121,-8751.3,-10412.6,0.109129,0,0
165,89.8615,84.7477,85.6328,94.9947,94.8352,91.6515,90.0941,88.46,89.0885,89.7158,84.662,98.4455,90.7805,88.076,86.3937,87.5327,84.6766,85.6353,-7444.23,-9245.12,0.0947882,0,0
166,89.8704,84.561,85.4649,94.8906,94.737,91.5838,90.093,88.3926,89.2002,89.5318,84.715,98.484,90.8483,88.402,86.6215,87.5195,84.502,85.6934,-8892.62,-10552.3,0.103825,0,0
167,89.7399,84.5807,85.5516,94.8042,94.831,91.5665,90.2029,88.45,89.0744,89.7824,84.8163,98.5439,91.0994,88.3803,86.615,87.4421,84.7627,85.653,-8341.26,-10281.1,0.0924856,0,0
168,89.7855,84.4604,85.5799,94.9447,94.9413,91.7724,89.9387,88.3568,89.0747,89.7747,84.8581,98.4744,90.8558,88.3349,86.5056,87.3871,84.5859,85.8237,-8724.53,-12831.5,0.104719,0,0
169,89.8557,84.6454,85.4759,94.8113,94.5055,91.7991,90.0738,88.4091,89.1338,89.7323,84.8783,98.5575,90.8319,88.3933,86.5576,87.6158,84.4636,85.6247,-6973.43,-11074.3,0.101978,0,0
170,89.827,84.4939,85.3557,95.0409,94.9952,91.5036,89.8824,88.1927,88.986,89.669,84.7806,98.4835,91.0723,88.2643,86.636,87.5108,84.7058,85.6578,-8691.84,-10243.6,0.107797,0,0
171,89.7954,84.6016,85.4719,94.8663,94.737,91.6375,89.9947,88.3742,88.9395,89.674,84.8849,98.42,90.6651,88.181,86.6157,87.4075,84.5345,85.5064,-7250.94,-11113.3,0.0980854,0,0
172,89.8762,84.6283,85.5424,94.7876,94.7309,91.7413,90.0915,88.4199,89.3937,89.7261,84.881,98.276,90.7476,88.3758,86.5259,87.4527,84.5654,85.65,-6975.24,-10906.8,0.121583,0,0
173,89.8252,84.5829,85.5459,94.8447,94.8487,91.7329,90.0477,88.3635,89.2054,89.6577,84.9781,98.4612,90.8946,88.2445,86.5435,87.4334,84.5414,85.535,-7731.28,-13488.9,0.106384,0,0
174,89.7914,84.575,85.3585,95.0073,94.8954,91.6446,90.1951,88.3504,89.1587,89.6542,84.9076,98.4162,90.9636,88.3163,86.6003,87.4876,84.5938,85.6669,-9227.72,-10601.9,0.0982528,0,0
175,89.8285,84.6383,85.4333,94.8131,94.7136,91.8039,90.0403,88.3302,89.0554,89.6752,84.9333,98.2805,90.9186,88.1522,86.4212,87.3198,84.6758,85.6736,-8210.61,-11842.8,0.112006,0,0
176,89.8204,84.7248,85.3712,94.8766,94.9972,91.7331,89.898,88.5,89.2367,89.5793,84.733,98.5408,90.7546,88.3442,86.444,87.597,84.6976,85.5363,-8851.47,-11634.5,0.10004,0,0
177,89.8463,84.6562,85.4968,94.7901,94.8793,91.538,89.8661,88.2545,89.2091,89.7693,84.8216,98.5678,90.9149,88.2932,86.493,87.2625,84.6493,85.6851,-7917.06,-11119.4,0.102426,0,0
178,89.8608,84.6491,85.3568,94.8302,94.8535,91.6927,90.1851,88.4936,89.1086,89.6764,84.7833,98.4023,90.7782,88.3515,86.5075,87.5642,84.5408,85.7026,-7304.65,-11991.5,0.0884639,0,0
179,89.8564,84.5521,85.518,94.8375,94.9068,91.597,90.1047,88.2655,89.0685,89.8586,84.8418,98.5189,90.8439,88.3641,86.5434,87.5091,84.6368,85.7894,-9044.87,-11203.4,0.10942,0,0
180,89.8784,84.7295,85.6633,94.8968,94.81,91.7639,90.0633,88.3283,89.1359,89.73,84.7084,98.3416,90.6825,88.2764,86.5938,87.3793,84.4751,85.5758,-8168.01,-12097.1,0.113622,0,0
181,89.8128,84.5186,85.4893,94.8857,94.8158,91.4238,90.0207,88.3576,89.0675,89.7188,84.8017,98.5732,90.8588,88.277,86.501,87.6365,84.6235,85.7581,-8656.55,-10120.3,0.117458,0,0
182,90.0587,84.7093,85.4565,94.6867,95.0595,91.628,90.2728,88.3322,88.8758,89.6852,84.7924,98.5109,90.9561,88.3556,86.4854,87.4824,84.5318,85.4951,-7748.87,-11710.3,0.115969,0,0
183,89.9674,84.7351,85.3914,94.7385,94.8758,91.6074,90.1813,88.2248,89.2003,89.6018,84.7808,98.2104,90.8624,88.3484,86.6127,87.5112,84.5507,85.6496,-8816.33,-12433.8,0.102273,0,0
184,89.9212,84.7362,85.563,94.901,94.6808,91.5528,90.0288,88.0944,89.3258,89.6857,84.7765,98.4071,91.0316,88.4363,86.5879,87.4341,84.7551,85.645,-6359.68,-11794.7,0.0897825,0,0
185,89.8199,84.8446,85.4156,94.9181,94.742,91.6609,89.9806,88.2423,88.9881,89.7812,84.8073,98.4498,90.639,88.4261,86.4899,87.4693,84.7425,85.6071,-8681.92,-10561.6,0.0987787,0,0
186,89.8769,84.5357,85.4751,94.8361,94.8288,91.7113,90.0635,88.4205,89.1656,89.8312,84.8033,98.4663,90.7207,88.2406,86.4649,87.4849,84.6539,85.6513,-7832.4,-12087,0.0967977,0,0
187,89.746,84.7319,85.6611,94.832,94.7674,91.4859,89.9938,88.3056,88.9347,89.8032,84.8066,98.3465,90.8829,88.2231,86.4678,87.5181,84.6458,85.5761,-9044.99,-10266.6,0.108365,0,0
188,90.1602,84.5973,85.4263,94.9318,95.0277,91.6373,90.0332,88.2065,89.0658,89.6707,84.596,98.4329,91.0108,88.4076,86.5429,87.7307,84.7131,85.6354,-8389.93,-10898.4,0.100627,0,0
189,89.7206,84.5293,85.7147,95.0311,94.8609,91.7443,90.0242,88.2722,89.0772,89.8315,84.8213,98.3295,90.894,88.2416,86.552,87.4499,84.5841,85.6137,-8798.92,-11167.4,0.121713,0,0
190,89.8707,84.7832,85.4857,94.9245,94.8857,91.8084,90.0566,88.193,88.9432,89.7089,84.941,98.464,90.8261,88.3251,86.6743,87.573,84.5936,85.7041,-7113.4,-13737.5,0.103186,0,0
191,89.8371,84.7371,85.5231,94.8786,94.7753,91.6962,90.0345,88.2443,89.0155,89.6859,84.899,98.2301,90.794,88.1844,86.3197,87.4404,84.6469,85.6441,-7812.65,-12438.4,0.100729,0,0
192,89.7919,84.6316,85.5576,94.9211,94.7683,91.6311,89.9981,88.173,89.2662,89.872,84.7976,98.5488,90.6938,88.1781,86.4339,87.2934,84.4672,85.6058,-8317.37,-12179.4,0.120176,0,0
193,89.8964,84.6925,85.4417,94.8291,94.7097,91.5802,90.086,88.2766,89.0758,89.883,84.7336,98.3304,90.732,88.232,86.3536,87.353,84.5126,85.5731,-7848.59,-11782,0.0940286,0,0
194,89.8171,84.62,85.6191,94.9078,94.7562,91.5029,89.9755,88.2839,88.9721,89.6297,84.8225,98.3903,90.8892,88.2633,86.4674,87.4151,84.5995,85.7718,-9044.01,-11120.4,0.115005,0,0
195,89.7343,84.6502,85.4008,94.759,94.9541,91.7843,90.1188,88.2213,89.2797,89.7074,84.9485,98.467,90.6257,88.3127,86.6202,87.4462,84.3736,85.6298,-8117.98,-12454.1,0.0921874,0,0
196,89.7182,84.5987,85.5476,94.9639,94.6686,91.5614,90.0967,88.3858,89.1773,89.804,84.6164,98.4888,90.854,88.2421,86.385,87.4565,84.5258,85.7318,-8692.55,-10155.8,0.0962855,0,0
197,89.7596,84.3041,85.5825,94.9204,94.7412,91.6621,89.9938,88.3469,89.2391,89.6054,84.8425,98.3556,90.7709,88.2662,86.5083,87.5642,84.5578,85.7382,-8228.9,-11837.5,0.0994394,0,0
198,89.8922,84.7349,85.6705,94.7668,94.9434,91.4625,89.9979,88.3482,89.1251,89.6974,84.7796,98.3287,90.8089,88.2236,86.4431,87.4341,84.6517,85.8017,-7675.37,-11038.3,0.112735,0,0
base,89.8431,84.6601,85.4855,94.8569,94.8418,91.6252,90.0632,88.3132,89.0843,89.7394,84.7965,98.4441,90.8085,88.2699,86.5254,87.4864,84.6029,85.6793,-8385.73,-11233.4,0.103727,-6000,-6000
