ParSetIndex,1,2,3,4,5,6,7,8,9,10,11,12,13,14,15,16,17,18,19,20,21,22,23,24,25,26,27,28,29,30,31,32,33,34,35,36,37,38,39,40,41,42,43,44,45,46,47,48,49,50
k_ppt1,1.624023,1.783259,0.4527792,0.7258157,1.884522,1.850472,0.2022046,6.485157,0.4004566,2.595905,2.654807,2.372397,1.137370,3.820667,0.2796459,0.5766538,1.256974,0.2741272,1.783409,0.7124732,0.3051955,0.6633665,0.3682041,1.317914,3.996407,6.044695,2.922528,0.2506811,20.31451,0.8739084,0.5697649,0.7345359,0.3994208,2.350681,1.432548,1.576153,0.4757447,3.418255,0.2469513,0.5560046,0.3405006,0.4522352,1.933709,1.894232,1.693962,0.8831878,0.3036441,1.683357,0.1355325,0.3353830
k_ppt2,1.177496,1.044257,1.126458,1.495714,1.976858,1.444625,0.3396631,1.325033,0.9908601,2.049735,2.598846,1.881614,0.9622923,3.047701,0.2897157,0.9775912,0.5752659,0.1649818,1.185239,3.035224,0.4622567,0.3819624,0.7850756,3.999479,6.344999,15.25331,2.259067,0.3628470,9.709926,1.643552,0.7035462,0.9167884,1.231188,6.353556,1.564998,1.093322,1.299371,3.000314,0.2661373,0.2696286,0.1029209,0.2903775,2.484505,1.649828,1.540517,2.279717,0.3321388,0.8364515,9.9874467E-02,0.2856676
k_ppt3,0.9956080,0.4377615,0.5730965,2.253273,1.932465,0.4221268,0.2529929,1.164715,0.3645351,1.561879,1.811769,1.595740,0.4539420,3.412023,0.5808333,1.432587,0.6273365,0.6769818,0.4101863,2.537379,0.7934216,0.4327013,1.107159,1.644441,2.659187,11.12079,4.130786,0.4246966,3.794176,1.886738,1.726156,0.4729298,1.389336,4.715926,2.271453,1.919038,0.7984481,3.393641,0.3755203,0.5737303,0.1210266,0.2718581,0.8103166,0.3005884,1.332697,0.2373594,0.5417283,1.198583,0.5051518,0.2760797
k_ppt4,1.219440,0.5779031,0.6149278,0.9259541,0.5639459,0.1581036,0.3845488,0.7546646,0.5978689,0.7886804,0.8347686,1.435877,1.772350,4.552152,0.6906051,0.6439451,0.7674415,0.5715209,0.7673586,1.498324,0.9106953,1.063934,2.458497,2.853656,1.700934,2.329061,4.558397,0.7746654,7.508226,3.286827,1.023417,0.2638179,0.7933016,5.421830,3.484152,0.7465887,0.6784705,1.026038,0.4259914,1.361092,0.1439286,0.3775992,0.3562248,0.3166995,0.6637953,0.6676978,0.8284301,1.725546,0.4228604,0.1987528
k_ppt5,1.796007,1.109217,0.3157773,1.283827,0.5038165,0.2842836,0.7142205,3.091360,0.7007180,0.9105564,2.047131,1.366109,4.408612,15.42849,0.7632241,0.4669380,0.6163688,0.4759957,1.156968,0.3077641,0.4038706,2.519845,3.181430,1.049272,2.645254,1.461167,3.809989,0.5783096,5.401722,1.254688,0.6032772,0.3455649,1.537777,1.552097,1.943426,1.477960,0.5676951,0.5845329,0.2643002,1.510960,0.4896031,0.3556356,0.3617197,0.5118338,1.080599,0.8019642,0.6716136,1.990061,0.1347523,0.3174964
k_ppt6,3.020729,0.8839033,0.3079890,2.154945,0.3553817,0.6487932,1.134901,5.028177,0.6930386,1.250978,2.309204,0.6402027,1.993127,2.506372,0.7721443,0.5391295,5.895981,0.5229233,1.226590,0.4329918,0.5674602,1.991049,3.018139,0.7637140,3.142063,1.274891,0.5555187,0.4250237,1.644474,1.372432,1.388436,0.6885751,1.397649,0.7823364,0.5180893,1.310222,0.2856624,0.9081608,0.1519233,1.924724,0.3743524,3.945492,0.7153047,0.5843008,1.591856,0.7696241,3.057481,3.399475,1.186494,0.3884711
k_ppt7,3.171071,2.300232,0.4644151,3.446535,1.946789,0.7522753,1.344649,4.006419,0.7532270,0.7544936,0.6869214,0.9515484,0.8160202,0.8311394,0.4333978,0.6207811,7.791197,0.3199808,0.4942801,0.3269255,0.6454382,1.179317,0.9004707,2.713259,3.637790,0.3787765,0.8877556,0.4549933,1.742681,0.4846895,0.7934009,2.431978,2.251992,0.6471326,0.4590392,0.7317192,0.1954631,1.031326,0.2637569,0.8772046,0.1891943,1.895014,0.8660646,0.3270168,0.9299223,0.4465365,3.268875,2.076200,1.283401,1.468720
k_ppt8,2.684875,0.7899895,0.8096357,6.374768,1.218134,1.078927,0.6547652,0.8283175,2.243830,0.1738778,7.4511483E-02,2.015939,0.6411273,1.185594,0.6519879,0.9198887,7.713460,0.2238547,0.5721220,0.3657081,1.098874,0.7864123,4.087808,0.7238653,1.517941,0.9052826,0.2383752,0.1938782,5.424677,0.1767725,1.197797,1.772770,5.168374,0.3496296,0.7671615,1.401252,0.1684785,0.5855975,0.3435357,0.9977108,0.1835187,1.079856,1.378672,0.2072220,0.7444867,0.4570263,1.730266,2.347008,1.528386,1.472694
k_ppt9,1.904709,2.760593,1.115462,0.3633764,0.4871175,1.754580,0.1163478,9.340066,1.265678,3.340548,2.763362,2.985665,0.6124169,1.310923,0.1687329,0.9596080,0.8807753,0.3819635,2.945390,1.139263,0.5282701,1.153141,0.3426364,2.556142,2.328110,5.099440,1.671953,0.4064965,6.316662,1.182160,0.2796336,0.3698928,0.2779496,2.722119,1.052477,2.547251,1.662700,3.049163,1.112586,1.221995,0.2605696,0.9373264,3.221005,2.152261,3.362546,0.7135546,1.084372,2.133259,0.2921843,0.6628218
k_ppt10,1.294604,1.558625,0.7313199,0.4854832,0.8608224,0.7615593,0.3258317,1.583909,0.9581473,3.086924,2.721976,3.618094,0.8014218,2.447413,0.1894700,0.3838122,0.8069870,0.5450756,0.5153857,1.773725,0.5891220,0.7767228,0.3953443,2.647139,3.147468,6.215467,0.8404232,0.6295315,2.199723,0.9802033,0.8736363,0.4320819,0.8162979,3.792105,1.576564,1.439655,2.524949,2.225745,0.4289014,1.085728,0.1335519,1.575379,2.658156,0.2860324,2.008504,2.048803,0.6296504,1.750311,0.1430455,0.1225980
k_ppt11,1.589536,0.9550602,0.4951157,1.037094,1.518160,0.6391268,0.1586278,0.3634531,0.4731962,0.7511892,0.7978736,0.9588450,0.8848368,2.120533,0.1294306,1.667533,0.9442618,0.5273352,0.2684176,1.304926,0.9791289,0.3620029,1.909743,1.884036,1.953902,2.973418,1.462710,0.7996009,3.743173,1.674599,0.3168021,0.5103212,1.517372,4.522151,0.6600633,1.121510,2.077382,1.946770,0.2843091,0.2710396,0.1537935,0.1643670,1.573611,0.9991614,0.3526541,0.7003708,0.4478593,1.422756,0.3319852,0.3569969
k_ppt12,3.015691,0.9187071,0.4795177,0.7536054,1.380250,0.4689063,0.5345200,0.8043333,0.8337012,0.4358726,0.6623359,1.985737,1.262207,2.253923,0.5697587,1.177036,1.192437,0.5017141,1.449253,0.5426848,0.3010062,0.5925944,3.272809,1.570592,2.822144,1.611071,3.523383,0.3558336,2.191684,2.114313,0.5624302,0.4935498,2.199796,1.935708,1.124902,0.5470187,0.8391348,1.569907,0.5412008,0.7579217,0.3724210,0.5699180,0.6558599,0.7800944,0.6459191,1.041049,0.9134062,1.405638,0.5769199,0.2711955
k_ppt13,0.9735001,0.9213997,0.2996359,2.396624,0.5644897,0.2274159,1.064232,2.218015,0.5968329,0.8915635,0.3322798,2.103633,1.066197,3.112658,1.096935,0.5281356,1.405229,0.2018288,0.7713024,0.2227626,0.3642389,1.773375,1.977960,1.886693,2.504891,3.594679,2.194452,0.9232077,1.088373,1.832130,0.1523547,0.9562529,1.850299,1.651775,1.022818,0.7379462,0.4983206,0.4489699,0.5030525,1.289543,0.9553309,0.9670656,0.6692363,0.8154536,0.8626234,0.3292468,0.9032642,1.846788,1.104941,0.4746320
k_ppt14,1.469107,1.569907,0.4185882,1.595629,1.440565,0.2664473,1.018213,2.084542,0.4824617,0.6214294,1.015692,2.451437,1.129150,4.458226,0.2385747,0.3781968,3.119821,1.168723,0.7940408,0.2491001,1.188365,2.902911,1.976652,7.004103,1.095064,1.021747,1.566251,1.034472,1.192894,0.4575751,0.3553940,0.7965161,1.648237,1.030930,0.6035918,0.7408193,0.2127081,0.3149532,0.1256933,2.929769,0.4003301,0.4916784,2.177799,0.9987878,0.9220781,0.2725645,1.256692,1.459779,3.100121,0.1601831
k_ppt15,3.618247,2.557614,0.2553807,2.475464,1.549008,0.5438684,1.096398,4.365204,0.8417324,0.3080333,0.2903429,1.863092,1.790883,1.670331,0.1405067,0.3031180,2.342160,0.6889364,0.2420775,0.2891600,0.3971416,0.9582069,2.683520,2.865146,0.9836697,1.167543,1.866226,0.5535232,1.926389,0.5326242,0.3782728,1.228780,2.206169,0.2318207,0.4837630,0.2920149,0.2539306,1.078151,0.4563232,2.252929,0.4601333,1.440101,2.191120,0.5173644,0.3167478,0.4748192,1.273196,2.597279,2.776003,1.790727
k_ppt16,3.439128,1.557783,0.3408547,4.983561,1.165640,1.066299,1.137985,2.265527,2.754336,0.2852674,0.1516500,1.460381,2.038168,0.8185280,0.2533449,0.7577971,3.478917,0.5919718,0.3782255,0.3627306,0.8414338,0.5558965,4.842092,1.719306,1.208822,0.3211095,0.6064140,0.2166024,2.332800,0.2384725,1.062181,0.7212222,1.942754,0.2078104,1.398084,0.4724532,0.2371222,0.5190661,0.5125245,1.805624,0.4716574,1.578585,0.9686622,0.2328357,0.3973904,0.9580208,0.4287162,1.087312,2.622839,1.665315
k_ppt17,0.7603504,1.173644,0.4371446,0.3146034,1.712788,1.281443,0.2711919,0.8996709,0.6909900,1.113223,3.974012,0.8869638,0.7930351,0.7893023,0.1922526,0.3448964,2.648957,0.5435213,3.401446,0.6998400,0.4484846,0.9465491,0.8199542,2.311818,0.5657315,1.798099,0.4988908,0.7377820,4.604110,0.3956469,0.5092940,0.3932229,0.4146044,7.957225,0.7954268,2.374579,1.797480,1.103222,0.6191564,0.2323244,0.2901584,1.223874,1.780023,0.3868462,1.134138,0.7988234,1.035393,1.333077,0.1944755,2.362024
k_ppt18,3.140475,1.264052,0.5784466,0.3730454,0.9215207,0.9322738,0.1311911,1.038499,0.6544450,0.9538181,1.392083,1.360606,0.5566755,1.203762,0.3448908,0.3864144,0.8122300,0.3370331,1.385139,2.038362,0.9102176,0.7863667,0.6990900,0.7711754,1.694335,5.031079,0.6509171,0.2943416,1.214871,0.4584977,1.222995,0.6776296,0.4525641,1.993540,0.7239179,2.197394,1.664241,2.532126,0.8858206,0.3717783,0.5066278,0.4382202,0.7865768,0.8203921,0.6363278,2.911472,0.8879278,0.9400663,0.5880597,0.3531278
k_ppt19,2.758404,2.420341,0.3476782,1.256889,1.296507,0.8931709,0.3528628,0.5029926,0.4579673,0.2910501,0.8794605,0.9897885,0.3362340,3.351303,0.8570145,0.2435240,1.334745,0.4935157,0.4150960,1.010472,0.6021952,0.5911867,1.022971,1.576152,2.219396,0.7978763,3.539416,0.4029458,0.5780884,0.8474243,0.9910068,0.6303917,1.477241,3.281669,0.6391796,0.9349891,2.937946,3.955486,0.6940707,0.4307490,0.3564956,0.3504792,0.9022796,0.4976065,0.4954235,1.534844,0.4495708,2.472747,0.3422878,0.5161396
k_ppt20,3.174793,1.401834,0.3609811,2.197929,0.7142472,0.5993697,0.4694189,1.536408,0.6705685,0.3849907,0.2149302,0.6658950,0.3887797,1.798022,0.6873747,0.4053211,1.041680,0.5521849,0.7062893,1.019087,0.8474514,0.4695910,1.179607,2.401503,1.564415,0.9405923,6.581767,0.7325360,1.601162,0.7494465,0.7449559,0.5134170,1.378382,2.436210,0.8883916,0.2867427,0.6795482,1.037815,1.872967,0.5907445,1.202011,0.8601338,0.8328722,1.236762,0.3957886,1.560231,0.7326271,1.951368,0.4395323,0.4004616
k_ppt21,2.303693,0.7712632,0.5335894,2.284727,0.7589448,0.6025002,0.4745951,1.948716,0.4336610,0.4651890,1.079827,1.349672,0.5061412,2.019229,0.6275640,0.9940717,2.827871,0.7983800,0.4232009,0.3273734,0.8156645,0.9604954,1.955161,3.872646,1.615034,0.7246259,5.435075,3.018400,1.579462,1.158151,0.6643659,0.9933848,1.641078,0.4102758,2.651166,0.3856134,0.4993605,0.2163970,0.6549699,1.359537,1.535344,4.704415,0.7008335,1.609930,0.8278731,1.065666,1.761434,1.942688,1.175615,0.9014019
k_ppt22,1.001061,1.802041,0.2392765,2.146837,0.4849995,0.6685962,1.653968,3.344061,1.195175,0.1730047,0.6100612,0.5167395,0.4194454,1.136937,0.2274976,0.7168239,1.231709,0.7703090,0.3066709,0.2525035,0.8517866,3.863395,1.413270,20.04590,0.4018704,0.7186886,1.116700,1.671601,0.9344008,0.7687868,0.5622161,1.412161,1.114471,0.2402983,0.3962809,0.3820920,0.5438292,0.3003053,0.2233036,3.212041,0.7158578,2.108797,0.6375062,1.428631,0.3240860,0.9778274,2.143792,1.173025,5.158359,0.6149772
k_ppt23,1.916143,1.604419,0.3393974,1.348521,0.7679969,1.183484,2.434041,8.565638,1.916728,9.6436359E-02,0.3690695,0.8969333,1.753333,2.301131,0.3309080,0.8385130,0.5641443,0.9397276,0.3190567,0.4587085,1.048997,1.349216,2.053456,4.690120,0.8871209,0.6758208,0.3451086,1.856754,0.5796355,1.314624,0.8945211,0.6191818,3.229470,0.1414247,0.6032201,0.6934393,0.5364151,1.547749,0.2531752,1.659871,0.8054683,3.305631,0.8093455,0.6195378,0.3940193,0.5913500,1.843882,2.141166,4.886378,0.7766384
k_ppt24,2.282439,1.949650,0.6399297,1.919724,0.9512892,1.575362,2.563815,5.371247,2.418244,0.3305587,0.1446689,1.047356,0.5702406,2.183501,0.5912655,3.929101,0.7040045,0.5169583,0.4288039,0.5819497,2.372239,0.4303041,1.942001,0.9511581,0.3427176,0.9461434,0.5002343,0.7736106,0.8488989,0.4687004,1.687229,1.237837,2.558800,0.2989272,2.078586,0.3950240,0.4562437,3.803305,1.477328,2.842668,1.336890,2.968299,2.244496,0.3514809,0.2012271,0.4991991,0.5807635,2.116282,7.317937,1.420652
k_ppt25,0.4838391,2.491166,1.189481,0.4036165,1.978302,1.269772,1.155265,2.169499,1.627971,2.816010,0.7963148,8.083257,0.9827794,0.4949233,0.4250894,0.9216460,0.4582152,0.6878816,1.899091,1.395958,0.4986575,1.084242,0.6217372,0.9849321,0.6590484,0.3278198,0.8176226,0.6914645,2.735086,0.6768050,1.696126,0.4077538,0.6098802,5.149342,0.6650027,1.390911,1.131088,1.334538,0.7154765,1.227928,0.5890815,1.145381,1.095361,1.008935,0.5591321,0.4987284,1.715202,1.214371,0.2219225,0.5842272
k_ppt26,1.088676,1.167754,0.7652127,0.5206203,1.539333,1.583693,0.5839704,0.3529166,0.7102117,2.009616,2.107827,1.302743,0.8479199,1.297754,1.727702,0.7201191,0.4984797,0.7016279,1.588535,0.9644218,0.4831759,1.508634,0.9157129,0.6349275,0.9209471,1.689858,0.7804379,0.5711522,1.027783,1.230985,0.5775966,0.5781572,1.797844,5.694000,0.5221708,3.638806,1.980815,3.196870,0.8429004,0.4286009,0.8277895,0.6786685,0.6547901,0.7333750,0.7638303,1.346251,0.5469351,0.7094934,0.7361865,1.005568
k_ppt27,1.252839,1.179672,0.6608994,2.348531,1.596956,1.247863,0.4881476,0.5332126,0.4385895,1.042128,0.5627903,1.334489,0.6992814,2.140375,2.176646,1.554820,0.8286150,0.6278056,0.6366262,0.8781550,0.8241640,0.5886624,1.083164,0.3388382,6.235109,1.174281,3.024023,0.5352738,0.6340645,0.5682490,1.535196,0.9392756,0.6232958,2.722563,0.6620025,1.911976,2.539351,4.313237,1.007422,0.3078949,0.6730986,1.107228,2.439153,0.9762011,0.7569346,1.941148,0.5129015,1.342910,0.8678984,0.5389479
k_ppt28,3.042979,0.6312918,0.6748083,1.763370,1.932810,0.6221698,0.6930341,0.5397396,0.3275418,0.8925712,0.8819700,0.9998997,0.5883232,0.4657344,0.8220439,0.3908821,0.7761607,0.5972137,0.4214257,1.406170,0.9329434,1.664978,0.8601728,1.719894,2.388858,0.9200432,2.160305,1.590812,0.8882532,2.068888,1.724195,0.6496145,1.300293,2.556253,2.079323,0.5225233,1.738753,0.8350586,1.431973,0.9007166,0.7341819,0.2991254,1.453688,2.039690,1.482006,1.943389,1.232059,1.006669,0.5988614,0.4579922
k_ppt29,3.096762,2.267610,0.5050080,0.8327964,1.389295,1.660550,0.9976386,1.726859,0.5475059,0.4568838,0.8148777,1.093515,0.4910849,1.013628,0.5439618,1.519773,2.616388,0.5277243,1.345952,0.6111573,1.258314,1.215533,3.393276,2.175758,1.926085,0.6113122,1.993141,1.279234,0.8803090,0.5849592,1.228311,0.9367635,1.369569,0.8346796,1.411847,0.4301462,0.9842342,0.2762300,0.7117061,0.8591449,2.432509,0.9961152,1.056339,1.936799,0.9826566,1.207044,1.543333,1.272598,0.6147422,0.8742563
k_ppt30,1.030274,2.655390,0.3240753,2.100086,0.2828919,1.311931,2.559631,2.340660,1.659588,0.4742351,1.114597,0.9224284,0.6839393,2.663917,1.012739,0.4427883,1.959213,2.259286,0.5322996,0.1979547,0.9629495,1.682998,2.770211,2.181191,1.782844,0.7254371,1.201781,3.143258,1.251934,1.376436,0.4455787,0.9184415,1.503250,0.4272031,2.643937,0.2851497,0.8864103,0.7662082,0.2787321,2.653756,1.395106,1.393838,0.6197586,0.9287433,0.8455837,0.4092668,2.851900,0.8588334,1.305792,0.6513000
k_ppt31,0.9611626,5.233326,0.5591671,1.710902,0.9115119,1.664615,1.690724,1.884311,1.781798,0.3355813,0.6144940,0.5862349,1.240481,2.040637,0.6257826,1.612151,0.7773343,1.848254,0.9329041,0.7485464,0.9173384,0.9988162,1.848885,1.574034,1.259474,0.7770633,0.5993075,1.548491,0.7576533,1.673001,1.653662,0.8173776,1.211399,0.3709631,0.8877575,0.8960759,0.3633623,1.992187,0.5835062,1.717728,0.7246130,1.822410,1.134293,1.082376,1.042668,0.6045248,1.836398,1.531009,2.644677,0.8393281
k_ppt32,1.534315,1.174835,0.9512955,0.7142651,1.257180,0.8006790,3.273356,1.432100,2.778919,0.4213938,0.5777190,1.273147,0.9502908,1.291801,1.191694,2.327015,0.9487687,0.9970410,0.5421196,0.6831761,2.279201,0.7499957,1.061356,1.325958,1.387579,1.242558,0.6614614,1.150766,1.425135,0.8280820,3.449518,1.089449,1.277301,0.5940611,1.294138,1.541597,0.3960523,2.106411,1.048760,3.771252,0.9602537,5.685732,1.390441,1.059101,0.7599865,0.9830299,0.4608430,1.348641,5.703079,4.398402
k_ppt33,1.079090,1.298349,0.7451747,0.3144685,0.6879625,0.8580481,0.9014611,1.437500,2.280401,1.398441,0.5746750,0.9444883,1.135261,0.4968645,1.033133,1.285634,0.9051821,1.618026,0.7961695,2.789560,1.243508,0.5855445,0.2978500,0.8300447,1.336774,1.395120,0.2177809,0.8623537,0.5442914,1.369697,1.405154,1.058275,0.2754472,0.9849270,0.8283689,1.103293,0.5457933,1.746932,1.351573,1.920420,0.4846044,0.5647639,1.357091,1.647531,4.357061,0.9284720,0.9435752,0.9402624,0.2997646,0.5510809
k_ppt34,0.7473119,1.306457,1.569591,0.5798659,2.672317,1.702254,0.6362132,0.6607199,0.7955868,1.963526,2.581674,0.7110018,0.6021290,1.194155,2.747901,0.9315390,0.5457618,1.715676,0.9252610,1.043044,0.7394904,0.8773203,0.5111936,0.6700624,1.406807,1.212513,0.6428700,0.8310287,1.096361,1.194636,0.4378183,0.7649642,0.3551940,1.332502,1.034454,2.682711,2.790051,1.452409,2.435418,0.5129945,0.8182727,0.5152561,1.040923,0.6335360,1.144274,1.293418,1.037468,0.9219998,2.361904,0.7352077
k_ppt35,0.8898778,0.2610710,1.391993,0.8550464,1.776594,1.218161,0.3478278,0.4646465,0.3934709,1.454849,1.583532,0.6742189,1.135536,1.348540,0.7815512,1.138759,0.5813024,2.838006,1.923557,1.319684,1.055607,0.8746082,0.3703898,0.5958379,2.158521,6.465576,2.538122,1.250763,1.029681,3.066949,0.7576584,0.6895637,0.5114737,1.214388,1.362857,1.659598,1.278695,1.178693,1.570344,0.3542089,1.827005,0.2579751,1.784140,0.8090086,0.8540722,1.301711,0.9164702,0.7794205,1.408285,0.9348668
k_ppt36,0.9672304,0.2630154,3.336806,1.085442,1.255360,1.194094,0.8017996,1.097907,0.9705411,1.482759,1.607189,0.9509331,1.461357,0.3570349,0.7821678,0.3696377,0.8329161,1.091308,1.046481,1.269721,0.6934942,1.449132,2.202923,0.7233589,0.6417342,0.6709989,2.157363,1.256203,1.218082,1.348879,2.080089,0.6879965,1.801534,2.874173,0.9110565,0.3931396,1.051199,0.8231116,1.472390,0.9868752,2.006879,0.8272788,0.9670160,2.063883,1.516994,1.189601,0.5452896,1.152843,0.5030272,1.636872
k_ppt37,0.7389977,0.7170729,0.8059477,2.552007,0.9956278,1.482531,1.369137,1.488120,2.138502,2.336942,1.677882,1.269711,0.5473135,2.147446,1.113629,0.5937527,2.734586,0.9312554,1.744832,1.104647,0.6361124,1.320952,1.104115,1.381932,1.712981,0.6316417,1.866229,0.9187350,2.244610,0.4953216,2.181537,1.351299,1.367579,1.109933,1.143974,0.4147248,1.082340,0.3916855,0.8595593,0.6353981,2.067043,2.003237,0.9726681,1.860073,1.044913,0.6509775,1.956918,0.9413845,0.7330568,0.4751086
k_ppt38,0.8512095,1.142525,0.9391643,5.668966,0.6510585,0.8233230,0.9512789,1.702002,2.127963,2.029639,1.001241,0.7357978,1.502043,0.9262932,2.202652,1.447006,0.6057222,0.9399707,0.5320732,1.239643,0.4416932,2.276795,2.465392,0.6723498,0.7182982,0.6905102,0.9452080,3.168630,0.8171124,1.347219,2.216800,1.705374,2.938128,1.011229,1.350488,1.217562,0.7219986,0.7528037,0.7865126,1.598631,2.371781,1.588909,0.6405267,1.311205,1.220615,0.8307048,2.209491,0.7467269,1.156970,1.337222
k_ppt39,0.9958345,2.496033,1.452400,1.175943,2.140353,0.8340581,1.955913,0.9632625,0.9115655,1.444007,0.7759181,1.502876,2.097913,1.811808,0.6273353,1.502699,1.201267,1.577841,2.047319,2.068055,1.785144,1.337977,2.837301,0.6329059,1.616687,0.9885834,1.385538,2.212036,0.7644966,1.012521,0.7249753,1.541508,2.363326,1.232806,0.7134978,2.028437,0.8816034,0.5807662,1.256224,1.883008,0.5440569,1.138184,1.062784,0.9438142,1.147541,1.167148,2.032937,1.897748,2.237565,1.074495
k_ppt40,0.6981783,2.512422,1.495525,0.6750934,1.453398,1.120346,5.166649,0.7570564,0.8941806,1.266871,1.058470,1.101003,1.496753,0.6146237,3.599024,1.473112,1.048955,1.889847,0.8406854,0.8446109,4.694471,0.7339461,1.422740,1.737342,1.139188,1.232363,0.7904960,0.5686980,1.597707,0.9624651,1.786882,2.089312,2.750340,0.5582195,4.283949,1.017434,1.236745,2.788584,2.101830,1.349600,0.7268234,0.8694946,1.913203,0.4305978,0.9014567,1.957262,2.240762,1.774989,3.753866,2.290324
k_ppt41,0.9613177,2.605275,1.022448,0.2677859,0.2316493,0.5210555,0.8761303,1.619050,1.172398,3.041392,1.645746,0.5952427,1.182501,0.4621821,0.4531540,0.7926007,2.587098,0.5369219,0.9587876,2.968330,0.8985785,0.7668266,0.9187736,0.9932757,2.018608,1.097056,0.5457285,0.3009470,0.7954782,0.6750955,0.8602579,1.101825,0.6181895,0.3577357,1.123267,1.479626,2.752165,1.641322,1.881687,1.436306,1.201190,0.5514656,0.8270541,2.427529,2.722460,0.6571894,1.115784,1.879905,0.2779992,1.156301
k_ppt42,0.9043850,1.330391,1.009721,0.5330408,0.4717181,0.9706238,0.9081428,1.584739,0.4360591,1.607305,3.331162,1.518876,0.5004719,0.7924641,1.101349,1.541923,0.7182716,1.401543,1.327469,2.127687,0.7323702,0.5309589,1.201402,0.9760318,1.199505,1.953656,2.624889,1.354912,1.518903,2.939573,0.6219012,1.755328,8.5235089E-02,0.8530555,1.610598,1.405502,1.622654,1.207736,2.039269,0.7161532,3.720122,0.7385426,1.248703,0.3864749,0.9050047,0.7241981,1.250916,1.448940,0.8058486,0.9270590
k_ppt43,1.294031,0.5453244,4.226836,0.5592300,1.296150,1.754172,0.5246322,0.3556172,0.3028874,1.240755,1.783284,2.637582,0.7719335,0.9688236,1.135572,1.225090,0.3560007,0.7743659,4.027845,1.250615,1.503050,1.108771,0.9319460,0.9290910,1.131205,5.038043,1.951813,1.930916,1.588789,3.806072,0.8363221,1.749112,0.2643526,1.652894,1.199424,1.470330,1.853561,1.129084,5.433317,1.042734,1.075058,0.7663507,0.6651000,0.6636652,0.7469621,5.023459,0.6870131,1.998354,4.573389,1.280784
k_ppt44,0.6656465,0.7918238,3.022717,1.945661,1.840405,1.061626,0.7018575,1.522137,1.210846,2.087938,1.956087,1.230657,1.937609,0.6858832,1.418106,0.7742359,2.289904,0.5352332,2.946440,1.264216,1.881307,2.136949,1.625515,0.9397279,0.6341864,0.6614246,1.049949,6.288767,2.925822,0.9768710,1.044123,1.149361,1.976073,0.8561704,0.4669844,1.301816,1.932181,1.321019,2.477629,0.9038987,2.202253,0.7573637,2.296401,1.463222,0.4622221,2.031363,1.187611,1.583066,0.5240560,2.078731
k_ppt45,1.286931,0.8117262,1.400971,0.9499941,0.9008404,0.8673566,1.881966,1.539334,3.074473,3.893426,1.097170,2.617320,1.835859,6.192046,1.413118,0.8247890,1.869707,0.6711214,2.077210,2.442758,1.174999,1.630313,1.793915,0.8425394,0.7088194,0.3286288,1.480040,2.503537,3.388641,0.8530681,1.106473,0.7617531,1.239223,2.081532,1.574017,1.216514,0.9000716,1.624416,1.906722,0.9173024,1.740685,2.383142,1.354151,1.098057,0.4220699,1.570645,1.116172,1.078699,0.8360954,1.785723
k_ppt46,1.929288,0.6511147,1.865383,7.415033,2.274652,1.087309,1.361129,1.263304,1.206431,0.8764331,0.8101964,1.762484,2.202584,4.952865,1.989074,1.467193,0.8810658,1.045192,1.097218,2.238441,0.9626641,1.541566,2.129052,0.3473712,0.5269153,1.589438,0.8057179,1.625576,1.080158,0.9956703,1.870637,0.8263783,2.135571,1.716908,1.492508,1.150071,1.828599,0.6129187,1.602818,1.731951,1.544689,2.774174,0.7879658,2.262404,1.534618,1.394809,0.9455879,2.096399,1.377999,0.4083758
k_ppt47,2.843784,2.351699,3.138729,1.721509,5.571830,0.8714829,1.381946,2.567680,2.003588,0.7983879,2.438500,1.338782,6.443632,0.6178313,1.609168,3.275860,1.983759,1.818536,1.897677,1.607169,2.379868,1.261238,2.344347,0.8433470,0.7783382,2.255949,1.953011,0.4918698,0.8129770,1.131235,0.5295650,2.218228,2.023331,1.850898,1.111911,2.736296,1.389530,0.5827822,1.718274,1.367779,0.9198921,2.120366,1.210114,1.989649,2.378447,0.6613078,5.175344,0.7790854,2.454547,0.5571383
k_ppt48,1.257600,0.9072459,1.937942,1.758266,3.466281,0.6326563,4.182716,2.287730,0.4267169,0.7999739,4.723083,2.039065,1.817147,0.4797785,1.685098,3.748292,2.252355,1.520424,2.562985,0.5254440,1.032895,1.603151,0.5027452,3.347679,1.111101,2.108093,1.900332,0.4605158,0.6861322,1.621408,0.9781540,1.914126,0.9649447,0.9554745,1.665183,1.567641,1.268727,3.344977,1.755439,2.211931,1.764288,1.325850,2.411938,0.7736101,2.383329,0.5861489,3.337925,1.137161,1.883365,1.960054
k_ppt49,2.251747,2.952939,0.7823225,0.1628528,0.9138907,0.7847451,1.876115,1.906274,0.8552466,1.183454,2.288402,2.425655,1.723661,0.4758822,0.3337887,1.138189,1.034248,1.165230,0.8714455,2.710837,0.7898266,0.8221845,0.7809090,1.770940,1.697981,1.075362,0.6998170,0.7115366,1.698149,1.622760,1.428699,1.306960,0.8495300,0.9229968,0.8473836,1.330518,1.402626,2.465899,1.036244,0.7992874,0.9149092,1.024866,1.528256,0.8997592,2.275660,0.6335225,0.7978151,0.9305809,0.4601529,1.372755
k_ppt50,0.5847357,1.365239,0.5733464,0.9529112,1.027556,1.264317,1.140173,1.012319,0.4287743,1.858124,4.457843,1.899256,0.9594090,0.8208417,3.484677,1.474510,1.446383,2.437728,2.238683,1.166061,0.3276258,0.6074406,0.6880878,2.760830,1.049781,1.063469,0.7478508,1.876069,0.9788317,1.921280,0.5351096,2.337949,0.8389083,2.062079,1.146489,6.638227,4.419603,1.180583,3.276856,0.5146628,0.6331813,2.867970,0.8201517,0.3584326,2.035039,1.227792,0.5045004,1.281894,0.8720120,0.6735585
k_ppt51,0.5846305,0.6200515,2.585494,0.8733296,2.241939,1.369507,0.6487023,0.6320295,0.9998145,1.128917,2.203310,2.091165,0.7836022,1.886854,2.191567,1.985541,1.880888,1.539351,3.330375,0.9685134,1.273547,1.339603,2.295023,3.960845,0.5549648,1.834571,2.387831,1.660619,1.182097,1.379967,0.5262185,4.463896,1.197998,0.8360643,1.327217,2.199281,0.6338837,1.155649,1.384128,1.269107,0.4939873,1.528853,1.473530,1.255277,1.447544,7.639276,0.7549512,0.8275774,2.292350,1.174562
k_ppt52,1.332076,2.220555,5.123433,1.405671,2.344062,1.596963,1.437797,0.8049917,2.018168,2.443231,2.545078,2.088707,2.071955,1.483483,3.595309,1.325892,1.388890,0.9897583,4.171886,2.056637,3.105615,3.104673,4.796256,1.398545,0.5336342,4.001946,2.123464,4.677689,1.544670,1.101049,0.8663160,3.160712,2.131979,1.690061,1.330516,1.541849,2.033075,1.758140,1.777440,0.8330847,2.628671,2.382281,0.8409790,4.447131,1.266384,3.800937,0.6232726,1.678168,1.054072,4.336646
k_ppt53,1.537648,1.551466,2.436174,1.954394,2.491615,2.590672,3.212066,3.129328,5.074858,3.228800,1.458447,6.395153,0.7808026,2.516353,2.890229,0.7845007,1.191865,3.373767,2.174548,1.198877,1.207422,1.861486,4.052953,1.840206,0.6849323,0.9460615,2.799260,2.551204,2.846627,1.079514,1.217789,1.530406,2.713213,0.7253115,2.766078,1.485646,1.974356,1.783458,1.724287,0.6762196,3.271041,2.787290,1.393133,4.933867,0.5631889,1.432518,1.328892,1.143915,0.9225484,3.772350
k_ppt54,2.764562,3.009193,1.048251,4.354268,3.045890,1.863120,2.075476,1.918272,3.683437,2.807143,2.378152,1.721916,2.583733,11.91577,3.287795,1.731845,2.181359,3.044060,2.261426,6.225609,1.583777,1.047654,4.292476,1.401113,1.107462,0.9590300,2.616546,3.416188,2.309807,1.279577,2.480802,1.951034,0.5359772,1.292560,6.500628,2.424945,1.565327,1.418423,1.738176,2.887545,2.067930,1.916626,1.087666,3.356909,2.647289,0.9184954,1.509389,1.191237,2.022425,1.556198
k_ppt55,2.597397,2.620383,1.215677,2.397904,1.530786,0.8891569,2.932184,4.306997,1.656900,0.8830699,1.487493,1.217181,2.957221,3.788635,2.168146,2.570241,3.148497,1.345705,1.763084,0.7943568,4.465929,1.955402,1.670366,2.564045,0.5036526,1.829550,1.010435,1.452779,3.664627,0.8528370,2.129329,1.715152,2.703426,1.496710,1.841748,1.445377,2.096730,1.148602,1.534436,2.795341,2.034541,2.916574,1.225550,1.949250,0.7701639,0.9679632,3.616403,0.6044990,1.557661,0.7371464
k_ppt56,2.032254,1.214843,2.902942,2.254469,1.730912,2.136712,1.932934,3.705749,2.425055,1.636713,2.513389,1.906679,3.828590,0.5470375,4.222431,2.420225,4.070111,3.552985,1.402189,1.549581,1.182521,2.174012,0.7282973,2.188717,2.798270,4.585578,1.920339,1.954682,2.427482,4.851711,1.357301,2.167134,1.006626,0.7939768,1.625894,1.951878,1.431971,2.226044,0.3337592,2.829882,4.680909,3.771707,1.967749,0.8222501,2.629973,1.831822,2.069031,1.409532,2.647668,2.735954
k_ppt57,1.123662,1.914766,0.8883814,0.2765211,1.127518,1.296413,1.512890,2.557797,1.009424,1.385995,2.067988,1.036609,1.093257,0.7280822,0.7861929,1.339567,0.7141766,1.103808,1.248420,1.210884,1.378224,1.267281,0.4856415,0.8560805,1.459702,1.227747,0.5870459,0.2151221,1.534743,1.575750,1.627059,0.6981749,1.271434,1.770715,0.6494873,0.7133190,0.9943557,0.7178260,1.054681,0.8168779,0.8936380,0.6005155,1.012670,2.004193,4.650963,1.309257,1.494099,1.474528,0.6458066,1.492875
k_ppt58,1.018879,0.5474383,1.177443,0.9514651,2.753678,2.021492,1.006456,1.352263,1.167531,2.472977,2.632208,1.094162,1.363425,2.134156,2.122235,1.384326,1.533088,1.855184,4.787378,1.325436,1.820594,0.8145497,0.5845186,2.305245,1.354888,1.032198,0.8878883,1.203828,1.217366,0.8567814,1.955044,0.7107725,0.8117263,0.5231099,0.7043049,3.124808,2.053087,0.4784697,1.292673,2.022735,0.9074033,2.295980,1.265024,1.466053,1.571625,0.9759513,0.6553947,1.126982,0.3475756,0.7118754
k_ppt59,2.487064,1.404804,1.944141,2.306180,1.042604,1.489626,0.6755415,0.4486258,1.455294,2.491773,1.559853,1.165035,1.563427,4.148678,2.529432,5.462835,1.385331,2.298527,3.277712,1.455578,1.870463,2.647588,2.003525,0.7093687,0.9428699,2.349178,2.620400,1.056277,1.619676,1.306560,2.499643,2.704261,1.396711,3.078046,2.661876,1.562081,1.033992,1.665370,1.461753,2.414769,2.269246,3.984955,4.807426,0.8091853,1.092048,2.939761,1.162658,1.082598,0.7384227,0.5387472
k_ppt60,0.9635811,1.241205,5.951157,4.993710,0.6930572,2.876787,1.174490,0.9918128,0.6991843,2.728221,0.9728068,1.117371,6.590869,1.523971,2.785503,5.303436,0.7651653,2.468977,1.583170,2.972971,4.494123,4.487612,3.925757,1.573145,1.149612,1.835408,3.724437,5.044314,2.104981,1.992883,2.397779,3.702087,2.027100,2.464241,2.647880,2.128340,3.541416,3.912504,0.7363841,2.038753,1.684184,3.894061,1.983909,2.566231,1.855430,3.208257,0.8659845,2.431694,2.080725,3.608685
k_ppt61,2.094708,1.203816,10.09775,2.018004,0.4779883,1.346788,1.939644,1.527080,1.927575,3.300824,0.4535270,5.397197,1.496111,1.931433,3.215117,1.446006,2.982709,3.401084,0.7256473,2.223348,5.270217,1.003717,4.531294,2.165522,1.462370,0.9028862,3.660005,3.450486,1.385487,1.423077,3.347589,2.638342,1.939054,2.408857,3.445529,1.184482,2.419150,6.607059,1.169217,3.217938,2.527048,2.647925,1.849652,3.405175,3.451136,1.073975,1.993246,3.221498,2.284831,4.190316
k_ppt62,0.9180249,3.630681,1.457190,2.167860,1.671658,1.185530,2.374484,6.451575,5.208314,5.124305,1.031234,2.729513,0.8254387,4.302120,0.9274768,0.6469465,3.437364,1.104872,1.974365,2.022126,3.030206,1.778905,3.790681,3.810864,1.532898,0.5753351,1.262882,1.071242,3.040023,0.8124431,1.896788,1.564788,1.509513,2.188771,3.585526,1.332683,5.625996,1.940380,3.152155,3.118077,1.742161,0.9577386,1.663609,4.094297,5.857990,0.6137736,5.248388,2.135533,2.535697,2.891177
k_ppt63,2.501012,1.668355,1.860454,1.824522,1.794611,0.9310285,3.422378,5.798229,2.407137,1.103026,2.922284,1.834700,1.939156,3.044639,2.868674,2.361555,1.926945,0.9454008,1.070460,1.719760,3.485669,1.826597,1.534757,2.551404,1.672646,1.689503,1.377662,1.433930,2.496941,0.9860813,2.103058,1.209060,4.066965,1.349400,1.281355,1.017704,2.127952,1.896865,1.794888,4.232622,1.844926,1.047533,1.650526,0.7724242,1.373285,2.365352,3.137511,0.7333344,4.155406,2.883722
k_ppt64,2.747727,0.6745115,2.091559,3.065590,1.209627,0.6295744,2.597112,1.516999,2.943325,0.3976820,3.423310,0.7647619,2.395201,1.946800,1.578956,3.252151,1.864184,2.824832,0.4322168,0.4811870,0.6608919,0.8486277,0.8860420,2.796199,1.503926,2.733401,0.6151231,0.6334412,1.779588,6.470917,1.401507,1.241281,3.320340,1.236659,2.262774,1.764610,1.165976,3.012895,1.334925,2.352805,3.084648,1.558620,4.379911,1.228651,1.288660,4.157181,0.9573252,0.9662654,4.276434,2.921162
k_ppt65,1.259057,0.9380887,0.4964949,0.2971443,1.187496,3.163473,0.3245475,0.3289109,1.151389,1.017710,6.120451,2.099515,1.193210,1.050423,0.7187369,0.4767771,0.3957318,1.518229,1.655491,1.072066,0.8870033,0.2189819,0.7724990,0.8832722,4.957826,4.349812,1.304071,0.6596289,2.022518,1.190906,1.729819,1.933181,0.7570130,0.8648107,0.5350648,1.545648,1.465805,0.9859174,0.8925486,1.228285,1.000376,0.6568699,1.435096,1.049703,1.930380,1.105988,1.516465,0.5656783,0.4445250,0.6228066
k_ppt66,0.7345482,1.258909,1.161313,1.010954,1.382371,2.371643,0.6363875,1.356371,0.8847526,1.190577,1.645436,0.7755412,1.045909,1.413838,0.7372650,0.7386524,1.529831,1.785486,2.954909,1.099608,1.152589,1.636858,0.3572564,1.566103,1.155400,1.974042,3.593841,1.018984,0.8941068,0.8823525,1.406134,1.567881,1.260643,2.305123,0.9100861,1.878565,1.541267,1.002783,0.9334758,1.743234,1.588337,1.480539,2.107110,1.218081,2.795206,3.094013,3.455524,1.623375,0.9415091,0.6279982
k_ppt67,1.852539,0.6775657,1.915560,3.986669,0.8184414,1.479097,1.669593,1.052828,1.459465,2.211305,0.8414881,0.6939331,2.129415,1.630662,1.392689,3.147891,1.869130,2.638010,1.266954,1.226514,0.8886662,3.836297,1.393800,0.4175665,0.7308489,2.354427,4.433027,2.664595,0.7244228,1.010366,1.053813,1.600022,0.5812424,2.405599,3.144891,1.697166,0.7714339,1.604026,1.151341,0.8896585,1.085050,2.105998,2.345221,1.938199,3.493253,2.036398,3.685780,1.296531,0.5896060,1.149944
k_ppt68,0.7412710,1.172211,4.680525,7.892616,1.037664,1.607283,0.8159437,0.7712072,3.245151,3.942836,0.5102332,0.7219968,2.838108,0.5271301,1.061881,2.633952,1.777190,2.774810,0.8937483,3.884836,3.549592,2.429776,1.333977,1.130738,0.7442558,4.843755,2.834710,2.751512,1.726667,1.028417,1.556393,2.154245,1.110318,1.588196,1.604781,1.005916,1.535147,2.392574,1.075858,1.256057,2.625949,3.119751,3.011845,2.134933,2.230580,1.767367,2.739326,5.356967,1.009938,2.863936
k_ppt69,2.057456,2.781039,2.836616,1.867033,1.219934,2.180699,1.925861,0.5309198,2.534235,2.702120,0.7520382,1.531035,2.706427,2.157519,0.6301875,1.481875,3.265023,0.9659866,0.5570599,1.680393,7.268307,1.807273,0.9540786,2.629481,3.756780,1.585979,1.512884,3.408663,0.5576052,2.002530,2.352247,2.302918,1.673736,2.503761,1.022949,0.7352225,1.644045,1.708736,2.790052,1.350024,1.255727,0.4038776,2.181862,3.296854,1.068031,0.7925151,2.367560,3.445650,3.108697,1.713308
k_ppt70,2.306775,5.542121,1.085199,1.488214,1.649661,0.9487163,2.224415,1.088061,3.797154,2.087739,1.895323,2.692968,1.381774,6.248098,1.734194,1.076355,1.380027,1.073163,1.024599,1.291834,7.741149,4.103686,3.410545,0.8073502,2.478993,1.504347,0.4568687,2.724615,1.707636,5.054277,3.640390,0.9106528,6.735458,3.025424,1.551262,1.570838,1.462119,1.765394,6.835360,1.169291,1.729027,1.594106,1.093100,0.9143795,1.447274,1.714958,2.016444,4.279861,3.875678,4.268797
k_ppt71,3.401046,3.110199,1.260489,2.321864,6.483399,2.334975,3.861217,2.313012,6.209555,1.488655,2.896458,1.648298,0.5851540,1.269881,3.077592,2.247080,2.919390,1.065084,2.900519,0.7642369,2.425595,3.013887,2.712442,1.749775,5.143835,0.5678377,0.7721218,1.921972,3.968852,1.590312,0.8510448,3.090995,8.333951,1.647654,3.252118,0.9652362,1.063447,1.934211,5.089719,3.061000,3.330023,0.9341301,1.504641,1.910753,1.946868,1.712549,1.226321,0.9349089,2.643777,1.850857
k_ppt72,1.240505,0.8134458,1.050172,1.935323,0.8302158,2.456049,4.738290,1.611786,2.366772,0.3918323,0.9168871,3.279304,0.8733909,1.021505,2.762497,1.582998,3.903365,2.328470,3.205343,0.5474295,0.7500833,2.760540,1.608107,3.104874,1.446653,1.113288,1.717753,0.5165598,1.944348,2.764213,2.498364,1.604706,3.136384,0.9861801,1.514353,1.668393,0.5220789,0.8677021,3.662945,0.7457561,2.115082,2.297166,3.448643,2.073900,1.137334,2.237942,0.7912635,1.345600,2.795489,5.228731
k_ppt73,2.879390,0.6727438,1.104462,1.731547,1.076310,4.453980,1.719251,1.261506,0.8842423,0.7195709,1.968046,2.995524,0.6400781,0.8995479,1.751968,0.6935729,1.257029,1.673429,0.8674474,1.323200,0.4732180,0.4950778,0.8460634,2.209538,4.069060,3.862429,1.184126,0.8277471,1.058963,3.226451,0.6497329,0.7760680,0.8529785,1.204518,0.6637151,2.908725,1.526962,1.579121,1.147284,2.975416,1.446124,1.378192,1.008328,2.015959,1.939439,1.324987,1.141460,1.772442,1.170062,0.3702482
k_ppt74,2.162074,1.209448,4.221915,1.203889,1.661792,1.571330,3.223807,1.603602,1.397087,1.295719,1.066849,0.5218713,1.040529,1.804334,0.6638291,0.9868953,1.776013,1.757158,1.864564,2.201831,0.7179565,1.954038,1.104204,1.341205,0.7160146,2.812533,3.901515,1.212421,2.437613,1.754818,0.7374881,0.7029619,0.5941409,1.997895,1.417628,1.916079,4.509034,1.549020,1.855985,2.028360,3.218085,2.066463,1.054672,2.055977,7.627963,0.8339866,2.038281,1.040574,0.3971761,0.6329974
k_ppt75,0.5222227,0.9974719,3.728556,2.640381,0.5873571,1.123692,1.884433,0.5653390,1.092299,0.7524680,0.5037618,0.3771498,1.336714,1.188824,0.9770333,1.022127,1.000235,1.633745,1.874101,1.097238,0.8802381,2.610517,0.6386584,0.6832592,0.5648100,2.280424,1.591226,2.580649,2.135308,0.4326877,0.4123379,0.8661656,0.5449395,1.279747,3.132584,1.662096,2.052911,1.084301,1.077962,1.407593,3.036084,2.011031,1.341036,1.920638,7.788772,1.583417,1.207046,0.5233149,1.433155,1.417957
k_ppt76,0.7288852,1.609337,2.603893,8.984384,2.119881,2.808280,1.098971,0.5858922,0.8007949,1.489296,0.6318738,1.110762,0.7956243,0.9242477,1.107539,1.050950,0.8187360,1.587471,1.027385,2.699528,3.563884,2.290077,0.5702687,0.4988407,1.064685,1.013408,1.495921,1.965687,0.6751360,1.391271,1.207272,0.3403663,0.5437655,2.420964,0.7701665,3.237574,0.9350819,1.490998,1.502660,0.7500487,2.526249,1.558156,0.8449541,2.418949,2.479204,0.5613099,2.155330,0.8194240,1.247320,2.320538
k_ppt77,0.7754498,1.320920,1.078585,1.667179,1.848528,2.659824,1.800690,0.5263848,0.6748170,1.342920,1.057540,1.352402,1.819241,1.849064,0.5527471,1.383755,1.084350,0.3642310,0.7990658,1.052859,1.204159,2.116648,0.9731250,0.5698807,1.833148,0.7048969,1.038031,1.539944,0.6352875,2.858470,3.240817,0.6538830,0.9384396,1.012798,0.6998862,0.6807796,2.080425,1.985120,1.689702,0.7485581,1.810650,1.403784,1.477778,1.399570,0.6457771,0.5209407,1.315803,0.6062263,1.003281,0.9782193
k_ppt78,0.8184827,1.106363,0.7843898,0.7227519,1.618427,0.5283564,0.8299308,0.5361289,1.692378,0.9770066,1.042638,1.043814,1.673460,2.200432,0.7155689,1.297070,0.8969274,0.6765739,1.585857,1.092923,1.021514,1.412163,1.926998,1.194749,3.654715,1.141610,0.5889569,0.6483366,1.086984,3.079510,2.809016,1.265767,2.228856,1.009631,0.6953376,1.471706,0.9815852,2.489943,6.104418,1.524025,1.009777,0.7617020,1.286072,0.7530010,0.5190110,1.136603,1.658611,1.260962,1.494747,1.054057
k_ppt79,4.254007,1.445530,0.7004914,0.8752437,2.002395,0.9792946,1.626745,1.113848,1.383927,1.406442,1.673079,0.9121070,0.9224411,1.800683,3.497965,0.9058978,4.572423,1.842775,1.127944,0.7359420,0.8164323,1.598120,3.295357,0.5855515,2.704282,0.9924982,1.032931,0.2933065,2.400216,4.272224,2.446520,1.773370,3.941228,1.506317,2.252870,0.6312494,0.9614907,1.861996,1.243781,0.8201478,3.171256,0.6784900,1.109631,0.6288862,0.5102141,1.901742,1.208044,1.010271,1.975952,1.922775
k_ppt80,0.9060417,0.3779860,0.4270631,1.684542,2.355598,1.026322,5.376847,0.9694699,5.757432,1.108364,1.486891,0.9130400,1.064448,0.6880547,1.921642,0.9238042,4.042153,1.346017,1.313330,0.4451629,0.7076332,1.623521,2.039912,2.417691,1.436431,1.543651,2.406198,0.5475727,1.716314,2.471077,4.028685,1.579717,2.228172,1.273109,0.8029318,2.465398,0.4481074,1.229816,1.703559,0.9661975,1.337716,1.599675,2.794547,0.9702986,0.5049302,0.4888103,0.6661223,1.250142,1.849622,5.150973
k_ppt81,2.433219,0.8625600,0.8422554,0.4641602,1.514739,1.133332,1.623765,0.8756531,0.7450266,1.231040,4.910697,1.738946,1.677976,2.826332,1.170968,1.148962,0.6692698,0.7720294,0.9488575,1.491639,0.6725201,0.8914420,0.5316954,2.880334,2.287675,1.851077,1.055159,1.400013,1.022529,2.199337,0.9564014,0.9403256,0.7722239,1.172568,0.4268068,1.144826,1.334610,1.585944,1.638847,0.8836024,2.443811,0.7130179,0.9807418,1.466057,3.831318,1.015923,1.485852,0.7214295,1.239053,0.9101725
k_ppt82,0.9832582,1.249909,2.022359,0.7986441,2.773671,1.642189,0.6859249,0.9008313,1.208692,4.114145,1.378568,0.6777136,1.917049,1.258803,0.4258327,0.8650854,1.247153,2.056946,1.011802,1.178978,0.7794794,1.860038,0.7793488,0.5986287,1.934927,1.923524,0.9852356,1.178216,2.561046,1.852460,0.4448625,0.5846299,0.6214375,1.868585,2.904390,0.9422102,2.786806,1.274818,2.964080,0.5947183,1.381583,0.9391374,2.003407,1.145006,2.011675,0.6189849,2.615853,0.5689794,0.6842508,1.554914
k_ppt83,0.5111496,1.946270,1.724639,0.8869411,1.268650,1.837560,0.4172398,2.210978,1.452506,1.919916,1.130852,1.782748,2.132928,0.4110148,1.301877,1.439014,1.582111,3.387124,1.277638,1.432007,1.832446,3.023443,0.6552877,0.5488436,0.5730567,1.403464,1.327929,2.695049,0.6297096,0.3064345,0.5293434,1.357627,0.5481582,0.7421099,3.234077,1.054989,1.170098,1.883253,0.6343350,0.4969128,1.169192,0.7963384,1.006092,1.325212,2.287253,1.328611,1.275598,0.3638289,2.005781,1.437201
k_ppt84,0.5518337,2.429170,0.6125173,2.786431,3.448926,1.432276,1.097318,0.8959764,0.5209744,1.030025,1.153267,1.998565,1.305658,0.5329962,1.715792,0.8357423,0.3790589,1.499175,0.8519082,1.766481,0.8485715,0.8982026,0.8362458,1.295591,1.806772,0.9237489,0.7877626,2.750449,0.5956046,0.6362633,0.7087006,0.9092575,0.3378275,1.551612,3.355734,1.296564,1.044697,0.5321718,0.7271850,1.598489,1.099157,0.6978473,1.309556,0.8660930,1.477776,1.233436,0.7028444,1.004119,2.052204,0.8913829
k_ppt85,0.9626253,1.121853,0.9590824,0.7580938,0.6566296,1.034058,0.6448911,0.3080638,0.2835520,0.5216467,0.7875042,0.6012502,1.633063,1.094542,1.328987,0.6713223,0.9604663,0.6533971,0.4484614,1.992323,1.004437,1.118936,1.146991,0.5496802,3.176472,0.5804412,0.6255020,0.8685087,1.556543,1.053452,2.115565,1.160685,0.6868372,1.099586,0.7195716,0.5459305,0.9069141,1.095150,0.9429827,0.5787977,0.8106844,1.937043,0.7748432,0.9557747,0.8011034,0.8424646,1.102049,2.092333,1.201281,0.7756778
k_ppt86,1.565347,0.9048421,1.966485,0.6244409,0.5809353,0.3548926,0.5185415,0.3221666,0.9282007,0.3891657,0.3766542,1.160824,0.9218743,1.057096,1.822116,1.604760,0.9474698,0.8175579,0.4436833,1.965397,0.5847030,1.218176,0.6976197,1.430347,2.328156,0.4417192,0.7057334,0.5951895,1.275988,0.4320145,1.611686,0.5479012,0.5440172,1.189844,1.175648,0.7321815,1.363590,1.420049,1.219679,0.8209580,0.5027933,0.2606301,1.121033,1.363861,0.5156197,0.5776025,0.6849152,2.128966,0.4864495,0.4848847
k_ppt87,4.253914,2.016021,1.634167,0.8448916,1.561287,0.7522300,0.9741669,2.171268,0.6692619,0.5299781,0.5767607,0.5935125,1.297876,1.280593,1.069080,1.891845,1.961930,0.6303097,0.4511218,0.8384758,1.319478,0.9853849,1.002922,1.067286,0.9201430,0.7583593,0.8346793,0.5844567,0.5025919,0.6377200,0.4790559,1.725519,2.471177,1.066465,0.5478725,0.7414983,0.8290118,0.8500714,2.240371,1.425809,0.6813865,0.5466254,0.6129871,1.470394,0.4632630,1.037445,1.055600,1.095268,0.5598809,1.254425
k_ppt88,1.228699,1.085930,0.8824276,1.292109,0.8282028,1.464478,2.490093,1.597812,1.586550,0.9446277,1.185743,0.6409642,1.109874,0.6774370,0.6505784,0.5106307,1.345063,0.9549914,1.076226,0.3732809,0.5640260,1.197219,1.094533,1.227019,1.273517,0.8713378,1.842163,1.123282,1.207365,0.9452598,0.5722343,1.369128,2.643679,1.602847,0.2512738,1.282584,0.8317425,0.6697597,1.529173,1.786913,0.5898357,1.566520,0.4903096,1.174069,1.068314,0.8443028,0.6918132,0.8023403,1.343917,3.193400
k_ppt89,0.9552122,1.100874,0.2640271,0.7452281,0.7465019,0.7045491,1.360241,1.382532,0.4049523,1.714323,3.059999,1.091845,1.124254,1.333105,0.7961308,1.388892,1.212854,0.8293388,1.916006,1.148701,1.125990,0.5553000,0.9657896,1.852638,0.6226823,1.227436,0.3530939,0.5670787,0.9510244,0.5983789,2.202614,1.826990,1.113513,1.194655,0.8512302,0.7409997,3.086350,0.3500376,1.283014,0.4435795,1.527575,0.5808741,1.232805,0.9360055,0.6910759,1.852087,0.3321740,0.7371164,0.6662015,0.6003199
k_ppt90,0.5062439,0.9708142,2.510798,0.8152776,0.5595308,0.9171859,0.3848663,0.9067127,0.3139620,4.221847,2.650240,0.6713178,0.9526369,0.3866582,0.2212677,0.6868382,0.9672132,1.219216,2.038311,0.3406585,2.890956,1.035179,1.059860,0.5759506,0.6431121,0.9637975,1.082153,0.7167366,0.2789719,1.369769,1.720667,0.8190513,0.8023413,0.8223132,1.928696,0.8208669,0.6855094,0.6254414,1.162198,0.5505902,0.4853421,1.847251,0.7931937,0.9127555,1.387659,0.5039801,1.277054,0.5829320,0.4639755,0.6966434
k_ppt91,0.3282105,1.287985,0.9031641,1.105793,0.6128078,0.5364183,0.6538710,0.4017342,1.132978,2.484138,1.075458,1.251865,1.140093,0.1702247,0.6133799,1.272836,1.002433,1.084760,0.9822357,0.3920651,1.021615,0.4690671,2.284915,0.4692342,0.4659165,3.339867,1.750095,3.986721,0.5882012,0.4036686,0.4363916,0.5214930,0.4905116,0.4746481,1.435373,1.172540,1.614849,0.6110401,0.5900446,1.116754,0.4657322,1.148325,2.214831,1.424942,0.5669865,0.7467935,1.924300,1.961244,0.6336285,1.025615
k_ppt92,1.335169,0.8011168,0.2865261,1.625039,0.4965018,0.3565289,0.2812687,1.237463,1.058148,1.475557,1.177763,0.7569746,1.446763,0.7577203,0.8214722,2.260433,0.6842225,1.080717,1.452356,1.001671,1.364906,0.4744732,0.5747806,0.5611881,0.5416118,2.259398,1.380300,1.856241,0.2930275,0.4891831,0.8532122,0.4154678,0.5507124,0.7219607,1.014922,1.293757,0.7140310,0.3436342,0.1809908,1.164408,0.9678302,1.739596,1.167873,0.4542198,0.5466940,1.580725,0.8313944,0.9968032,0.8593094,0.2345216
k_ppt93,0.3379558,0.8016037,0.3499064,0.8485594,1.028212,0.3622111,0.1787420,0.8455182,0.8854362,1.287491,0.3907845,0.4791349,1.080707,0.6515395,1.486003,1.126125,0.5883648,0.4952369,0.8751674,1.307399,1.797327,0.3848907,2.364489,0.1736002,0.5330776,0.4588428,1.251246,0.8773839,1.135130,0.3007436,0.9196423,0.7487785,0.4590753,0.6644207,0.5293018,3.453196,0.3359597,0.8698534,0.2419706,1.703642,0.5934417,0.6268620,1.050293,0.6075670,0.3897590,1.404181,0.4825049,1.396154,0.7565973,0.3600532
k_ppt94,0.7334081,0.6311383,0.8494281,0.4111833,0.4083899,1.003413,0.6615252,0.4962777,1.181194,0.1412468,0.2711732,2.433868,0.2030715,0.7816826,1.910417,0.9696991,0.6990569,0.3715845,0.5079589,2.349113,0.5979941,1.047861,0.9165481,0.5692629,1.277260,0.8703197,0.3662620,0.5969638,1.001590,0.2766505,0.6559285,0.8561712,0.3383310,0.7591367,0.7594722,0.3885222,0.4256930,0.4924740,0.1160758,0.5843566,0.3504685,0.5042333,0.4736279,0.2777377,0.2580120,1.292034,0.2956635,1.435690,1.971172,1.006507
k_ppt95,0.8421217,1.231892,1.525829,0.5981167,0.7605470,1.253866,1.911906,2.416048,1.109666,0.2149530,0.5201987,0.8250091,0.7363040,1.785287,0.6278563,0.4800160,0.6349952,0.2944260,0.3932611,0.8812486,0.6774783,0.4836671,0.8724386,2.264129,0.5250054,0.2495896,0.3986642,0.6563565,0.7729738,0.3273154,1.023136,1.400335,1.346791,0.5815240,0.6975748,0.5410658,0.3273843,0.2486134,0.3256521,1.412200,0.4883774,0.7163332,0.2623918,0.4608869,0.5323406,1.440877,0.8037660,1.990144,2.577089,1.144601
k_ppt96,0.4639472,0.8832422,1.254269,1.016045,1.124195,0.9796511,1.925483,5.089411,0.7679851,0.5459878,0.4597579,0.5467744,0.5630968,0.9675084,0.3934158,0.6565924,0.6772567,0.6418807,0.7097839,1.259066,1.280374,1.174929,1.041774,1.493600,0.3323724,0.4760334,0.6084826,0.9135935,1.147923,1.233836,0.4117901,1.109899,1.437033,0.2115636,1.620539,0.4829933,0.4877857,0.9503010,0.8475953,1.181564,0.3668931,3.150262,0.4432228,1.402723,0.3865902,0.4656665,0.9883586,0.5515444,1.176641,1.014808
k_ppt97,2.034047,0.5042933,0.6928817,0.4961399,0.9253752,1.277558,0.9891654,0.9230623,0.3616772,0.5609765,4.411369,1.199473,0.4591967,0.5638013,0.5018792,0.5711519,0.5960122,1.726116,1.897723,0.7581574,0.4086339,0.7998450,0.4477015,0.9967689,0.4856236,0.7967819,0.7623484,0.3392207,0.6720386,0.7942546,1.125131,1.090171,0.9253333,1.787320,1.194413,0.5419064,1.445996,0.9630111,0.9543837,0.5591162,1.303489,0.5220952,0.4287813,0.5944303,1.603398,1.832453,0.6709655,0.7076007,0.4629159,0.8997204
k_ppt98,0.2985194,0.9199590,0.6486760,0.3855898,0.3891352,0.4017658,0.3243266,0.5458460,0.8581877,1.509712,0.6888566,0.5838231,1.042365,1.113126,0.3709243,0.6242647,0.8134626,0.6935233,0.6820093,0.3824252,0.9376629,0.4395663,0.6076590,0.5929492,1.295182,0.6452844,0.8410932,0.5409212,0.2462895,0.9194583,0.4457598,0.3174277,0.3447526,0.9199096,0.4275776,0.6207748,1.203236,0.9706207,0.9520005,0.2975342,0.4346094,0.6126569,0.9526999,1.213003,0.7532298,0.4422716,0.8438421,0.3846583,0.2562758,0.2617552
k_ppt99,0.2490137,0.3369727,0.6858400,0.9729024,0.8246605,0.3054842,0.1607803,0.2478946,0.6937794,3.811952,1.008192,0.5305644,0.7225625,0.5794576,0.5346552,0.8570769,1.056354,0.5176953,0.7104388,0.7360617,0.6429618,0.3244467,0.2913710,0.7668609,0.6185463,1.100633,1.109994,1.388328,0.8165816,0.5284788,0.5529362,0.3328183,0.2505627,0.6067711,0.6925011,0.7967063,0.6863418,0.3828334,1.266869,0.6699960,0.3037619,0.5277521,0.9449426,1.813612,0.6653738,0.1961902,0.6903898,0.7660711,0.6339329,0.5182853
k_ppt100,0.4368758,0.9542880,0.2204801,0.6186546,0.4432259,0.3409993,0.3496639,0.3952036,0.3546069,1.952375,0.3013904,0.3524548,0.9972622,0.3121787,0.8070154,0.6910945,0.4164427,0.4239117,0.5738729,1.508403,0.9743250,0.7251362,0.8406033,0.4681592,0.4638428,0.9105356,0.3662146,0.9950671,0.7463923,0.4407812,0.7502919,0.5169156,0.4692687,0.4760037,0.2929898,1.162288,0.3730859,0.7728711,0.7742026,0.2546951,0.4619745,0.5389438,0.5800095,0.3196548,0.5154287,0.4422140,0.8203115,0.8317881,0.2990382,0.7812394
k_ppt101,0.4556650,0.3427816,0.9897140,0.7812489,0.5047609,0.4498680,0.3089436,0.6497769,0.2663152,0.2495859,0.1600365,0.5922030,0.6849490,0.6083974,1.115466,1.144600,0.2062160,0.5859778,0.4461714,0.7817924,1.020238,0.8127830,0.5467634,0.2394803,0.6959818,0.4297678,0.4937328,0.4557214,0.5011806,0.5327804,0.7557306,0.8032847,0.4273984,0.5729786,0.6301499,0.9110291,0.4343978,0.6878782,0.1436642,1.300119,1.382090,0.3285409,1.054025,0.4656647,0.5023953,1.079131,0.3355893,0.5428494,0.6572738,0.2931031
k_ppt102,0.3989313,0.3653058,0.2656163,0.4486025,0.9828554,0.6258648,0.6092894,0.2460367,1.253843,0.1701763,0.2328922,0.8955007,0.3733077,0.7345945,1.043068,0.4369278,0.5262827,0.5041501,0.4794978,0.4989346,0.4542714,0.5551328,1.281288,0.2744957,0.8656677,0.3689468,0.5302135,0.5097054,0.5584948,0.4856136,0.6392659,0.3855102,1.436236,1.183958,0.6624461,0.3235536,0.2420999,0.5757981,0.4034702,1.491941,0.9419977,0.4422426,0.7338562,0.6900813,0.6382638,1.566889,0.5166119,0.7300759,0.3933844,0.5821493
k_ppt103,1.342245,1.343560,0.6987574,0.8288634,0.3066421,1.181687,1.569985,0.6530427,1.167051,0.2069266,0.2847967,1.166455,0.2357318,0.9006707,0.4818111,0.5461047,0.6344643,0.5825138,0.4091533,0.4639596,0.3407095,0.6980307,1.206056,1.135897,0.5633975,0.2485401,0.6536699,0.3501813,0.9226157,0.6756078,0.8214575,0.6832850,0.7576983,0.5632816,0.5219121,0.2608787,0.5065910,0.3606528,0.9852520,0.3847725,0.3926613,0.6365324,0.3136209,0.3812975,0.5135281,0.5242618,0.7481101,0.7832443,1.031708,0.7067832
k_ppt104,1.563020,0.3816931,0.6054931,0.3897338,0.7091299,1.021558,1.336529,1.760675,0.8151432,0.4484203,0.6490830,0.2669370,0.5854392,0.7180773,0.7037224,0.4205396,0.4637492,0.5198077,0.4796052,0.3880000,0.4011744,0.5082139,0.2832350,1.264718,0.4175369,0.4402781,0.5775437,0.6131616,0.8899703,1.662742,0.4550952,1.414147,2.371186,0.2476046,0.4635115,0.5379463,0.7046948,1.039663,0.6364272,0.8157846,0.5695107,0.8871837,0.5076571,0.4168398,0.5822800,0.3617566,0.5135399,0.4683576,1.250316,1.337554
